Descrição,Valor,Criação,Tipo,Identificação,Valor Gasto,Valor Recebido,📊 Mês
"RSCSS-SUPERMERCAD-31/01 -42,56",-42.56,"January 31, 2024",saída,supermercado,-42.56,0,Janeiro 2024 (https://www.notion.so/Janeiro-2024-0bdafbaa3d134397923728526491c8ac?pvs=21)
"RSCSS-SUPERMERCAD-30/01 -53,01",-53.01,"January 30, 2024",saída,supermercado,-53.01,0,Janeiro 2024 (https://www.notion.so/Janeiro-2024-0bdafbaa3d134397923728526491c8ac?pvs=21)
"RSCSS DROGARIA POU2901 -29,06",-29.06,"January 29, 2024",saída,outros,-29.06,0,Janeiro 2024 (https://www.notion.so/Janeiro-2024-0bdafbaa3d134397923728526491c8ac?pvs=21)
"RSCSS-SUPERMERCAD-28/01 -106,95",-106.95,"January 29, 2024",saída,supermercado,-106.95,0,Janeiro 2024 (https://www.notion.so/Janeiro-2024-0bdafbaa3d134397923728526491c8ac?pvs=21)
"RSCSS-PADARIA DO -27/01 -25,30",-25.3,"January 29, 2024",saída,lanche,-25.3,0,Janeiro 2024 (https://www.notion.so/Janeiro-2024-0bdafbaa3d134397923728526491c8ac?pvs=21)
"RSCSS-PIZZARIA E -25/01 -30,00",-30,"January 25, 2024",saída,lanche,-30,0,Janeiro 2024 (https://www.notion.so/Janeiro-2024-0bdafbaa3d134397923728526491c8ac?pvs=21)
"PIX QRS ESCRITORIO 25/01 -185,00",-185,"January 25, 2024",saída,outros,-185,0,Janeiro 2024 (https://www.notion.so/Janeiro-2024-0bdafbaa3d134397923728526491c8ac?pvs=21)
"REND PAGO APLIC AUT MAIS 0,01",0.01,"January 25, 2024",entrada,rendimento,0,0.01,Janeiro 2024 (https://www.notion.so/Janeiro-2024-0bdafbaa3d134397923728526491c8ac?pvs=21)
"RSCSS SUPERMERCADO2401 -51,27",-51.27,"January 24, 2024",saída,supermercado,-51.27,0,Janeiro 2024 (https://www.notion.so/Janeiro-2024-0bdafbaa3d134397923728526491c8ac?pvs=21)
"RSCSS-PAG*MASENDE-24/01 -24,00",-24,"January 24, 2024",saída,supermercado,-24,0,Janeiro 2024 (https://www.notion.so/Janeiro-2024-0bdafbaa3d134397923728526491c8ac?pvs=21)
"PIX TRANSF DATA GU24/01 1.088,80",1088.8,"January 24, 2024",entrada,outros,0,1088.8,Janeiro 2024 (https://www.notion.so/Janeiro-2024-0bdafbaa3d134397923728526491c8ac?pvs=21)
"RSCCS SUPERMERCADO2201 -219,59",-219.59,"January 22, 2024",saída,supermercado,-219.59,0,Janeiro 2024 (https://www.notion.so/Janeiro-2024-0bdafbaa3d134397923728526491c8ac?pvs=21)
"RSCSS-SUPERMERCAD-22/01 -31,98",-31.98,"January 22, 2024",saída,supermercado,-31.98,0,Janeiro 2024 (https://www.notion.so/Janeiro-2024-0bdafbaa3d134397923728526491c8ac?pvs=21)
"RSCSS-PADARIA DO -22/01 -12,68",-12.68,"January 22, 2024",saída,lanche,-12.68,0,Janeiro 2024 (https://www.notion.so/Janeiro-2024-0bdafbaa3d134397923728526491c8ac?pvs=21)
"PIX QRS MICHELE HER20/01 -89,60",-89.6,"January 22, 2024",saída,compras,-89.6,0,Janeiro 2024 (https://www.notion.so/Janeiro-2024-0bdafbaa3d134397923728526491c8ac?pvs=21)
"PIX QRS KABUM COMER20/01 -35,13",-35.13,"January 22, 2024",saída,compras,-35.13,0,Janeiro 2024 (https://www.notion.so/Janeiro-2024-0bdafbaa3d134397923728526491c8ac?pvs=21)
"RSCSS-PADARIA DO -20/01 -19,30",-19.3,"January 22, 2024",saída,lanche,-19.3,0,Janeiro 2024 (https://www.notion.so/Janeiro-2024-0bdafbaa3d134397923728526491c8ac?pvs=21)
"RSCSS-ELDORADO DI-20/01 -24,75",-24.75,"January 22, 2024",saída,supermercado,-24.75,0,Janeiro 2024 (https://www.notion.so/Janeiro-2024-0bdafbaa3d134397923728526491c8ac?pvs=21)
"REND PAGO APLIC AUT MAIS 0,03",0.03,"January 22, 2024",entrada,rendimento,0,0.03,Janeiro 2024 (https://www.notion.so/Janeiro-2024-0bdafbaa3d134397923728526491c8ac?pvs=21)
"RSCSS-MERCEARIA S-19/01 -70,86",-70.86,"January 19, 2024",saída,supermercado,-70.86,0,Janeiro 2024 (https://www.notion.so/Janeiro-2024-0bdafbaa3d134397923728526491c8ac?pvs=21)
"RSCSS-SUPERMERCAD-18/01 -73,80",-73.8,"January 18, 2024",saída,supermercado,-73.8,0,Janeiro 2024 (https://www.notion.so/Janeiro-2024-0bdafbaa3d134397923728526491c8ac?pvs=21)
"RSCSS-SUPERMERCAD-18/01 -108,10",-108.1,"January 18, 2024",saída,supermercado,-108.1,0,Janeiro 2024 (https://www.notion.so/Janeiro-2024-0bdafbaa3d134397923728526491c8ac?pvs=21)
"REND PAGO APLIC AUT MAIS 0,01",0.01,"January 18, 2024",entrada,rendimento,0,0.01,Janeiro 2024 (https://www.notion.so/Janeiro-2024-0bdafbaa3d134397923728526491c8ac?pvs=21)
"PIX QRS KABUM COMER17/01 -125,80",-125.8,"January 17, 2024",saída,compras,-125.8,0,Janeiro 2024 (https://www.notion.so/Janeiro-2024-0bdafbaa3d134397923728526491c8ac?pvs=21)
"PIX TRANSF Pollyan16/01 -300,00",-300,"January 16, 2024",saída,educação,-300,0,Janeiro 2024 (https://www.notion.so/Janeiro-2024-0bdafbaa3d134397923728526491c8ac?pvs=21)
"PIX QRS GRUPO PRATI16/01 -40,00",-40,"January 16, 2024",saída,outros,-40,0,Janeiro 2024 (https://www.notion.so/Janeiro-2024-0bdafbaa3d134397923728526491c8ac?pvs=21)
"REND PAGO APLIC AUT MAIS 0,01",0.01,"January 16, 2024",entrada,rendimento,0,0.01,Janeiro 2024 (https://www.notion.so/Janeiro-2024-0bdafbaa3d134397923728526491c8ac?pvs=21)
"RSCSS-PIZZARIA E -14/01 -45,00",-45,"January 15, 2024",saída,lanche,-45,0,Janeiro 2024 (https://www.notion.so/Janeiro-2024-0bdafbaa3d134397923728526491c8ac?pvs=21)
"INT VIVO-MG 460588719240 -57,00",-57,"January 15, 2024",saída,contas,-57,0,Janeiro 2024 (https://www.notion.so/Janeiro-2024-0bdafbaa3d134397923728526491c8ac?pvs=21)
"INT CEMIG DISTRIBUICA 02 -149,20",-149.2,"January 15, 2024",saída,contas,-149.2,0,Janeiro 2024 (https://www.notion.so/Janeiro-2024-0bdafbaa3d134397923728526491c8ac?pvs=21)
"PIX TRANSF Guilher14/01 -16,60",-16.6,"January 15, 2024",saída,outros,-16.6,0,Janeiro 2024 (https://www.notion.so/Janeiro-2024-0bdafbaa3d134397923728526491c8ac?pvs=21)
"RSCSS-MERCEARIA S-13/01 -73,00",-73,"January 15, 2024",saída,supermercado,-73,0,Janeiro 2024 (https://www.notion.so/Janeiro-2024-0bdafbaa3d134397923728526491c8ac?pvs=21)
"MOBILE PAG TIT BANCO 001 -99,99",-99.99,"January 15, 2024",saída,contas,-99.99,0,Janeiro 2024 (https://www.notion.so/Janeiro-2024-0bdafbaa3d134397923728526491c8ac?pvs=21)
"INT COPASA 0124017906931 -75,70",-75.7,"January 15, 2024",saída,contas,-75.7,0,Janeiro 2024 (https://www.notion.so/Janeiro-2024-0bdafbaa3d134397923728526491c8ac?pvs=21)
"REND PAGO APLIC AUT MAIS 0,02",0.02,"January 15, 2024",entrada,rendimento,0,0.02,Janeiro 2024 (https://www.notion.so/Janeiro-2024-0bdafbaa3d134397923728526491c8ac?pvs=21)
"RSCSS-SUPERMERCAD-12/01 -63,09",-63.09,"January 12, 2024",saída,supermercado,-63.09,0,Janeiro 2024 (https://www.notion.so/Janeiro-2024-0bdafbaa3d134397923728526491c8ac?pvs=21)
"RSCSS-PAG*VIACAOS-11/01 -92,25",-92.25,"January 11, 2024",saída,outros,-92.25,0,Janeiro 2024 (https://www.notion.so/Janeiro-2024-0bdafbaa3d134397923728526491c8ac?pvs=21)
"RSCSS-SUPERMERCAD-11/01 -26,48",-26.48,"January 11, 2024",saída,supermercado,-26.48,0,Janeiro 2024 (https://www.notion.so/Janeiro-2024-0bdafbaa3d134397923728526491c8ac?pvs=21)
"RSCSS-FEIRA DO MA-10/01 -8,65",-8.65,"January 10, 2024",saída,supermercado,-8.65,0,Janeiro 2024 (https://www.notion.so/Janeiro-2024-0bdafbaa3d134397923728526491c8ac?pvs=21)
"RSCSS-MERCEARIA S-09/01 -61,00",-61,"January 9, 2024",saída,supermercado,-61,0,Janeiro 2024 (https://www.notion.so/Janeiro-2024-0bdafbaa3d134397923728526491c8ac?pvs=21)
"MOBILE PAG TIT BANCO 260 -1.957,29",-1957.29,"January 9, 2024",saída,cartão de crédito,-1957.29,0,Janeiro 2024 (https://www.notion.so/Janeiro-2024-0bdafbaa3d134397923728526491c8ac?pvs=21)
"REND PAGO APLIC AUT MAIS 10,40",10.4,"January 9, 2024",entrada,rendimento,0,10.4,Janeiro 2024 (https://www.notion.so/Janeiro-2024-0bdafbaa3d134397923728526491c8ac?pvs=21)
"RSCSS-SUPERMERCAD-08/01 -31,60",-31.6,"January 8, 2024",saída,supermercado,-31.6,0,Janeiro 2024 (https://www.notion.so/Janeiro-2024-0bdafbaa3d134397923728526491c8ac?pvs=21)
"RSCSS-MP *LADEIRA-06/01 -10,00",-10,"January 8, 2024",saída,lanche,-10,0,Janeiro 2024 (https://www.notion.so/Janeiro-2024-0bdafbaa3d134397923728526491c8ac?pvs=21)
"RSCSS-PIZZARIA E -06/01 -34,00",-34,"January 8, 2024",saída,lanche,-34,0,Janeiro 2024 (https://www.notion.so/Janeiro-2024-0bdafbaa3d134397923728526491c8ac?pvs=21)
"RSCSS-MP *LADEIRA-06/01 -33,00",-33,"January 8, 2024",saída,lanche,-33,0,Janeiro 2024 (https://www.notion.so/Janeiro-2024-0bdafbaa3d134397923728526491c8ac?pvs=21)
"RSCSS-PAG*MERCADO-07/01 -69,40",-69.4,"January 8, 2024",saída,supermercado,-69.4,0,Janeiro 2024 (https://www.notion.so/Janeiro-2024-0bdafbaa3d134397923728526491c8ac?pvs=21)
"RSCSS-PADARIA DO -06/01 -17,64",-17.64,"January 8, 2024",saída,lanche,-17.64,0,Janeiro 2024 (https://www.notion.so/Janeiro-2024-0bdafbaa3d134397923728526491c8ac?pvs=21)
"REND PAGO APLIC AUT MAIS 3,61",3.61,"January 8, 2024",entrada,rendimento,0,3.61,Janeiro 2024 (https://www.notion.so/Janeiro-2024-0bdafbaa3d134397923728526491c8ac?pvs=21)
"RSCSS-MP *LADEIRA-05/01 -25,00",-25,"January 5, 2024",saída,lanche,-25,0,Janeiro 2024 (https://www.notion.so/Janeiro-2024-0bdafbaa3d134397923728526491c8ac?pvs=21)
"REND PAGO APLIC AUT MAIS 0,51",0.51,"January 5, 2024",entrada,rendimento,0,0.51,Janeiro 2024 (https://www.notion.so/Janeiro-2024-0bdafbaa3d134397923728526491c8ac?pvs=21)
"RSCSS-SUPERMERCAD-04/01 -133,16",-133.16,"January 4, 2024",saída,supermercado,-133.16,0,Janeiro 2024 (https://www.notion.so/Janeiro-2024-0bdafbaa3d134397923728526491c8ac?pvs=21)
"RSCSS-LOJA PONTO -04/01 -44,60",-44.6,"January 4, 2024",saída,outros,-44.6,0,Janeiro 2024 (https://www.notion.so/Janeiro-2024-0bdafbaa3d134397923728526491c8ac?pvs=21)
"RSCSS-SUP LAGOA -04/01 -49,90",-49.9,"January 4, 2024",saída,supermercado,-49.9,0,Janeiro 2024 (https://www.notion.so/Janeiro-2024-0bdafbaa3d134397923728526491c8ac?pvs=21)
"TED 140.0001.BRUNO B D C 3.500,00",3500,"January 4, 2024",entrada,rendimento,0,3500,Janeiro 2024 (https://www.notion.so/Janeiro-2024-0bdafbaa3d134397923728526491c8ac?pvs=21)
"RSCSS-SUPERMERCAD-03/01 -95,36",-95.36,"January 3, 2024",saída,supermercado,-95.36,0,Janeiro 2024 (https://www.notion.so/Janeiro-2024-0bdafbaa3d134397923728526491c8ac?pvs=21)
"RSCSS-SUPERMERCAD-03/01 -21,85",-21.85,"January 3, 2024",saída,supermercado,-21.85,0,Janeiro 2024 (https://www.notion.so/Janeiro-2024-0bdafbaa3d134397923728526491c8ac?pvs=21)
"REND PAGO APLIC AUT MAIS 2,36",2.36,"January 3, 2024",entrada,rendimento,0,2.36,Janeiro 2024 (https://www.notion.so/Janeiro-2024-0bdafbaa3d134397923728526491c8ac?pvs=21)
"RSCSS-PAG*ARTURHE-01/01 -69,00",-69,"January 2, 2024",saída,outros,-69,0,Janeiro 2024 (https://www.notion.so/Janeiro-2024-0bdafbaa3d134397923728526491c8ac?pvs=21)
"RSCSS-PIZZARIA E -02/01 -34,00",-34,"January 2, 2024",saída,lanche,-34,0,Janeiro 2024 (https://www.notion.so/Janeiro-2024-0bdafbaa3d134397923728526491c8ac?pvs=21)
"RSCSS-PAG*BECOMIN-31/12 -38,00",-38,"January 2, 2024",saída,almoço,-38,0,Janeiro 2024 (https://www.notion.so/Janeiro-2024-0bdafbaa3d134397923728526491c8ac?pvs=21)
"PIX TRANSF Annalyn01/01 -10,00",-10,"January 2, 2024",saída,lanche,-10,0,Janeiro 2024 (https://www.notion.so/Janeiro-2024-0bdafbaa3d134397923728526491c8ac?pvs=21)
"RSCSS-MP *COZINHA-01/01 -28,00",-28,"January 2, 2024",saída,lanche,-28,0,Janeiro 2024 (https://www.notion.so/Janeiro-2024-0bdafbaa3d134397923728526491c8ac?pvs=21)
"RSCSS-PAG*ARIANEC-01/01 -46,40",-46.4,"January 2, 2024",saída,supermercado,-46.4,0,Janeiro 2024 (https://www.notion.so/Janeiro-2024-0bdafbaa3d134397923728526491c8ac?pvs=21)
"PIX QRS RICARDO LAR01/01 -20,00",-20,"January 2, 2024",saída,supermercado,-20,0,Janeiro 2024 (https://www.notion.so/Janeiro-2024-0bdafbaa3d134397923728526491c8ac?pvs=21)
"RSCSS-PADARIA DO -02/01 -8,85",-8.85,"January 2, 2024",saída,lanche,-8.85,0,Janeiro 2024 (https://www.notion.so/Janeiro-2024-0bdafbaa3d134397923728526491c8ac?pvs=21)
"REND PAGO APLIC AUT MAIS 5,08",5.08,"January 2, 2024",entrada,rendimento,0,5.08,Janeiro 2024 (https://www.notion.so/Janeiro-2024-0bdafbaa3d134397923728526491c8ac?pvs=21)
"RSCSS-PADARIA DO -29/12 -48,00",-48,"December 29, 2023",saída,lanche,-48,0,
"RSCSS-SUPERMERCAD-28/12 -13,47",-13.47,"December 28, 2023",saída,supermercado,-13.47,0,
"RSCSS-MERCEARIA S-28/12 -42,25",-42.25,"December 28, 2023",saída,supermercado,-42.25,0,
"REND PAGO APLIC AUT MAIS 1,10",1.1,"December 28, 2023",entrada,rendimento,0,1.1,
"RSCSS-SUP LAGOA -27/12 -6,99",-6.99,"December 27, 2023",saída,supermercado,-6.99,0,
"RSCSS-SUP LAGOA -27/12 -36,39",-36.39,"December 27, 2023",saída,supermercado,-36.39,0,
"PIX TRANSF Pollyan27/12 -225,00",-225,"December 27, 2023",saída,educação,-225,0,
"RSCSS-PAG*Adevald-27/12 -17,00",-17,"December 27, 2023",saída,lanche,-17,0,
"REND PAGO APLIC AUT MAIS 5,62",5.62,"December 27, 2023",entrada,rendimento,0,5.62,
"RSCSS-POSTO LAGOA-23/12 -95,00",-95,"December 26, 2023",saída,lazer,-95,0,
"INT COPASA 0123772284721 -53,64",-53.64,"December 26, 2023",saída,contas,-53.64,0,
"RSCSS-ELDORADO DI-24/12 -42,50",-42.5,"December 26, 2023",saída,supermercado,-42.5,0,
"PIX TRANSF Izabel 23/12 -400,00",-400,"December 26, 2023",saída,outros,-400,0,
"PIX TRANSF CHRISTI26/12 -200,00",-200,"December 26, 2023",saída,outros,-200,0,
"MOBILEPAG TIT BANCO 001 -103,62",-103.62,"December 26, 2023",saída,contas,-103.62,0,
"RSCSS-MP LADEIRA-23/12 -28,00",-28,"December 26, 2023",saída,almoço,-28,0,
"RSCSS-SUPERMERCAD-23/12 -69,40",-69.4,"December 26, 2023",saída,supermercado,-69.4,0,
"INT CEMIG DISTRIBUICA 02 -133,22",-133.22,"December 26, 2023",saída,contas,-133.22,0,
"RSCSS-MP *LADEIRA-24/12 -14,00",-14,"December 26, 2023",saída,almoço,-14,0,
"RSCSS-SUPERMERCAD-24/12 -80,66",-80.66,"December 26, 2023",saída,supermercado,-80.66,0,
"RSCSS-SUPERMERCAD-23/12 -106,13",-106.13,"December 26, 2023",saída,supermercado,-106.13,0,
"REND PAGO APLIC AUT MAIS 25,98",25.98,"December 26, 2023",entrada,rendimento,0,25.98,
"RSCSS-SUPERMERCAD-22/12 -36,33",-36.33,"December 22, 2023",saída,supermercado,-36.33,0,
"REND PAGO APLIC AUT MAIS 0,71",0.71,"December 22, 2023",entrada,rendimento,0,0.71,
"RSCSS-SUPERMERCAD-21/12 -168,92",-168.92,"December 21, 2023",saída,supermercado,-168.92,0,
"PIX QRS Contabilize21/12 -179,00",-179,"December 21, 2023",saída,outros,-179,0,
"RSCSS-MP *LADEIRA-21/12 -14,00",-14,"December 21, 2023",saída,almoço,-14,0,
"RSCSS-PADARIA DO -21/12 -17,58",-17.58,"December 21, 2023",saída,lanche,-17.58,0,
"REND PAGO APLIC AUT MAIS 7,36",7.36,"December 21, 2023",entrada,rendimento,0,7.36,
"RSCSS-MERCEARIA S-20/12 -45,20",-45.2,"December 20, 2023",saída,supermercado,-45.2,0,
"REND PAGO APLIC AUT MAIS 0,87",0.87,"December 20, 2023",entrada,rendimento,0,0.87,
"RSCSS-SUPERMERCAD-19/12 -50,51",-50.51,"December 19, 2023",saída,supermercado,-50.51,0,
"REND PAGO APLIC AUT MAIS 0,97",0.97,"December 19, 2023",entrada,rendimento,0,0.97,
"PIX QRS KABUM COMER17/12 -335,27",-335.27,"December 18, 2023",saída,outros,-335.27,0,
"RSCSS-PIZZARIA E -17/12 -34,00",-34,"December 18, 2023",saída,lanche,-34,0,
"RSCSS-SUPERMERCAD-18/12 -28,61",-28.61,"December 18, 2023",saída,supermercado,-28.61,0,
"RSCSS-PIZZARIA E -16/12 -34,00",-34,"December 18, 2023",saída,lanche,-34,0,
"RSCSS-SUPERMERCAD-16/12 -48,05",-48.05,"December 18, 2023",saída,supermercado,-48.05,0,
"REND PAGO APLIC AUT MAIS 9,16",9.16,"December 18, 2023",entrada,rendimento,0,9.16,
"RSCSS-PIZZARIA E -15/12 -48,00",-48,"December 15, 2023",saída,lanche,-48,0,
"REND PAGO APLIC AUT MAIS 0,91",0.91,"December 15, 2023",entrada,rendimento,0,0.91,
"RSCSS-SUPERMERCAD-14/12 -21,30",-21.3,"December 14, 2023",saída,supermercado,-21.3,0,
"RSCSS-SUPERMERCAD-14/12 -55,50",-55.5,"December 14, 2023",saída,supermercado,-55.5,0,
"REND PAGO APLIC AUT MAIS 1,45",1.45,"December 14, 2023",entrada,rendimento,0,1.45,
"RSCSS-SUPERMERCAD-13/12 -21,64",-21.64,"December 13, 2023",saída,supermercado,-21.64,0,
"REND PAGO APLIC AUT MAIS 0,40",0.4,"December 13, 2023",entrada,rendimento,0,0.4,
"RSCSS-NOVA ERA AG-12/12 -35,30",-35.3,"December 12, 2023",saída,supermercado,-35.3,0,
"RSCSS-PADARIA DO -12/12 -17,00",-17,"December 12, 2023",saída,lanche,-17,0,
"RSCSS-SUP LAGOA -12/12 -44,60",-44.6,"December 12, 2023",saída,supermercado,-44.6,0,
"REND PAGO APLIC AUT MAIS 1,80",1.8,"December 12, 2023",entrada,rendimento,0,1.8,
"RSCSS-PAG*BotecoE-10/12 -40,00",-40,"December 11, 2023",saída,lazer,-40,0,
"MOBILEPAG TIT BANCO 260 -712,39",-712.39,"December 11, 2023",saída,outros,-712.39,0,
"RSCSS-MERCEARIA S-10/12 -36,96",-36.96,"December 11, 2023",saída,supermercado,-36.96,0,
"REND PAGO APLIC AUT MAIS 14,64",14.64,"December 11, 2023",entrada,rendimento,0,14.64,
"RSCSS-SUPERMERCAD-08/12 -35,24",-35.24,"December 8, 2023",saída,supermercado,-35.24,0,
"REND PAGO APLIC AUT MAIS 0,65",0.65,"December 8, 2023",entrada,rendimento,0,0.65,
"RSHOP-FEIRA DO MA-07/12 -73,45",-73.45,"December 7, 2023",saída,supermercado,-73.45,0,
"RSCSS-SUPERMERCAD-07/12 -91,20",-91.2,"December 7, 2023",saída,supermercado,-91.2,0,
"REND PAGO APLIC AUT MAIS 3,02",3.02,"December 7, 2023",entrada,rendimento,0,3.02,
"RSCSS-MERCEARIA S-06/12 -55,50",-55.5,"December 6, 2023",saída,supermercado,-55.5,0,
"REND PAGO APLIC AUT MAIS 1,01",1.01,"December 6, 2023",entrada,rendimento,0,1.01,
"RSCSS-MP *COZINHA-03/12 -74,00",-74,"December 4, 2023",saída,supermercado,-74,0,
"RSCSS-PAG*Masende-04/12 -25,00",-25,"December 4, 2023",saída,supermercado,-25,0,
"RSCSS-SUPERMERCAD-02/12 -33,09",-33.09,"December 4, 2023",saída,supermercado,-33.09,0,
"RSCSS-MERCEARIA S-02/12 -39,58",-39.58,"December 4, 2023",saída,supermercado,-39.58,0,
"RSCSS-SUPERMERCAD-04/12 -12,24",-12.24,"December 4, 2023",saída,supermercado,-12.24,0,
"RSCSS-NOVA ERA AG-02/12 -33,80",-33.8,"December 4, 2023",saída,lanche,-33.8,0,
"REND PAGO APLIC AUT MAIS 3,92",3.92,"December 4, 2023",entrada,rendimento,0,3.92,
"INT SIMPLES NACIONA 0708 -71,00",-71,"November 30, 2023",saída,outros,-71,0,
"INT SIMPLES NACIONA 0708 -73,34",-73.34,"November 30, 2023",saída,outros,-73.34,0,
"INT SIMPLES NACIONA 0708 -80,84",-80.84,"November 30, 2023",saída,outros,-80.84,0,
"PIX TRANSF Pollyan30/11 -300,00",-300,"November 30, 2023",saída,educação,-300,0,
"INT SIMPLES NACIONA 0708 -71,00",-71,"November 30, 2023",saída,outros,-71,0,
"RSCSS-SUPERMERCAD-30/11 -29,71",-29.71,"November 30, 2023",saída,supermercado,-29.71,0,
"REND PAGO APLIC AUT APR 11,89",11.89,"November 30, 2023",entrada,rendimento,0,11.89,
"RSCSS-SUPERMERCAD-28/11 -130,72",-130.72,"November 28, 2023",saída,supermercado,-130.72,0,
"REND PAGO APLIC AUT MAIS 2,58",2.58,"November 28, 2023",entrada,rendimento,0,2.58,
"RSCSS-SUPERMERCAD-25/11 -20,47",-20.47,"November 27, 2023",saída,supermercado,-20.47,0,
"RSCSS-PADARIA DO -25/11 -25,00",-25,"November 27, 2023",saída,lanche,-25,0,
"RSCSS-SUPERMERCAD-27/11 -99,21",-99.21,"November 27, 2023",saída,supermercado,-99.21,0,
"REND PAGO APLIC AUT MAIS 2,84",2.84,"November 27, 2023",entrada,rendimento,0,2.84,
"RSCSS-FEIRA DO MA-22/11 -20,00",-20,"November 22, 2023",saída,supermercado,-20,0,
"RSCCS-SUPERMERCAD-22/11 -275,39",-275.39,"November 22, 2023",saída,supermercado,-275.39,0,
"RSCSS-NOVA ERA AG-22/11 -33,80",-33.8,"November 22, 2023",saída,supermercado,-33.8,0,
"RSCSS-SUPERMERCAD-22/11 -25,82",-25.82,"November 22, 2023",saída,supermercado,-25.82,0,
"REND PAGO APLIC AUT MAIS 6,85",6.85,"November 22, 2023",entrada,rendimento,0,6.85,
"PIX QRS CLARO21/11 -202,40",-202.4,"November 21, 2023",saída,contas,-202.4,0,
"PIX TRANSF CHRISTI21/11 -200,00",-200,"November 21, 2023",saída,outros,-200,0,
"RSCSS-SUPERMERCAD-21/11 -67,58",-67.58,"November 21, 2023",saída,supermercado,-67.58,0,
"REND PAGO APLIC AUT MAIS 9,02",9.02,"November 21, 2023",entrada,rendimento,0,9.02,
"RSCSS-MP *LADEIRA-18/11 -48,00",-48,"November 20, 2023",saída,lanche,-48,0,
"INT CEMIG DISTRIBUICA 01 -162,83",-162.83,"November 20, 2023",saída,contas,-162.83,0,
"RSCSS-SUPERMERCAD-20/11 -142,83",-142.83,"November 20, 2023",saída,supermercado,-142.83,0,
"RSCSS-PIZZARIA E -19/11 -34,00",-34,"November 20, 2023",saída,lazer,-34,0,
"RSHOP-MERCEARIA S-20/11 -21,90",-21.9,"November 20, 2023",saída,supermercado,-21.9,0,
"INT COPASA 0123702101937 -67,58",-67.58,"November 20, 2023",saída,contas,-67.58,0,
"RSHOP-MERCEARIA S-19/11 -23,60",-23.6,"November 20, 2023",saída,supermercado,-23.6,0,
"MOBILEPAG TIT BANCO 001 -101,64",-101.64,"November 20, 2023",saída,contas,-101.64,0,
"REND PAGO APLIC AUT MAIS 11,50",11.5,"November 20, 2023",entrada,rendimento,0,11.5,
"RSCSS-MERCEARIA S-17/11 -13,26",-13.26,"November 17, 2023",saída,supermercado,-13.26,0,
"REND PAGO APLIC AUT MAIS 0,25",0.25,"November 17, 2023",entrada,rendimento,0,0.25,
"RSHOP-MERCEARIA S-15/11 -46,06",-46.06,"November 16, 2023",saída,supermercado,-46.06,0,
"RSCSS-SUPERMERCAD-15/11 -108,77",-108.77,"November 16, 2023",saída,supermercado,-108.77,0,
"RSCSS-SUPERMERCAD-16/11 -33,99",-33.99,"November 16, 2023",saída,supermercado,-33.99,0,
"RSCSS-SUPERMERCAD-16/11 -7,07",-7.07,"November 16, 2023",saída,supermercado,-7.07,0,
"REND PAGO APLIC AUT MAIS 3,70",3.7,"November 16, 2023",entrada,rendimento,0,3.7,
"PIX TRANSF LEILA L14/11 -1.480,00",-1480,"November 14, 2023",saída,outros,-1480,0,
"RSCSS-MP *LADEIRA-14/11 -14,00",-14,"November 14, 2023",saída,almoço,-14,0,
"PIX TRANSF Carlos 14/11 -300,00",-300,"November 14, 2023",saída,outros,-300,0,
"REND PAGO APLIC AUT MAIS 38,58",38.58,"November 14, 2023",entrada,rendimento,0,38.58,
"PIX QRS TUANY DUTRA11/11 -120,00",-120,"November 13, 2023",saída,lazer,-120,0,
"RSHOP-MP *LADEIRA-11/11 -25,00",-25,"November 13, 2023",saída,almoço,-25,0,
"RSHOP-NOVA ERA AG-13/11 -16,90",-16.9,"November 13, 2023",saída,lanche,-16.9,0,
"RSHOP-EDILCE DAS -11/11 -16,05",-16.05,"November 13, 2023",saída,supermercado,-16.05,0,
"RSHOP-SUPERMERCAD-13/11 -15,64",-15.64,"November 13, 2023",saída,supermercado,-15.64,0,
"RSCSS-MP *LADEIRA-13/11 -25,00",-25,"November 13, 2023",saída,almoço,-25,0,
"REND PAGO APLIC AUT MAIS 5,39",5.39,"November 13, 2023",entrada,rendimento,0,5.39,
"RSHOP-SUPERMERCAD-10/11 -45,37",-45.37,"November 10, 2023",saída,supermercado,-45.37,0,
"MOBILEPAG TIT BANCO 260 -127,68",-127.68,"November 10, 2023",saída,contas,-127.68,0,
"REND PAGO APLIC AUT MAIS 4,25",4.25,"November 10, 2023",entrada,rendimento,0,4.25,
"TAR 2A VIA-CARTAO DEBITO -8,80",-8.8,"November 7, 2023",saída,lanche,-8.8,0,
"PIX QRS ELESSANDRA 07/11 -100,00",-100,"November 7, 2023",saída,saúde,-100,0,
"REND PAGO APLIC AUT MAIS 2,64",2.64,"November 7, 2023",entrada,rendimento,0,2.64,
"PIX QRS TUNA PAGAME04/11 -14,00",-14,"November 6, 2023",saída,lanche,-14,0,
"PIX TRANSF ECONOMI06/11 -64,90",-64.9,"November 6, 2023",saída,contas,-64.9,0,
"REND PAGO APLIC AUT MAIS 1,90",1.9,"November 6, 2023",entrada,rendimento,0,1.9,
"PIX TRANSF Pollyan02/11 -225,00",-225,"November 3, 2023",saída,educação,-225,0,
"PIX TRANSF Maria R02/11 -24,00",-24,"November 3, 2023",saída,lanche,-24,0,
"REND PAGO APLIC AUT MAIS 5,98",5.98,"November 3, 2023",entrada,rendimento,0,5.98,
"RSHOP-SUPERMERCAD-31/10 -10,40",-10.4,"October 31, 2023",saída,supermercado,-10.4,0,
"RSHOP-EDILCE DAS -31/10 -36,55",-36.55,"October 31, 2023",saída,supermercado,-36.55,0,
"PIX QRS ELESSANDRA 31/10 -15,00",-15,"October 31, 2023",saída,compras,-15,0,
"RSHOP-NOVA ERA AG-31/10 -16,90",-16.9,"October 31, 2023",saída,supermercado,-16.9,0,
"RSHOP-SUPERMERCAD-31/10 -10,75",-10.75,"October 31, 2023",saída,supermercado,-10.75,0,
"PIX QRS LADEIRA S C31/10 -16,50",-16.5,"October 31, 2023",saída,almoço,-16.5,0,
"REND PAGO APLIC AUT APR 2,52",2.52,"October 31, 2023",entrada,rendimento,0,2.52,
"PIX TRANSF Natalia28/10 -32,00",-32,"October 30, 2023",saída,supermercado,-32,0,
"PIX TRANSF Cassio 29/10 -14,00",-14,"October 30, 2023",saída,almoço,-14,0,
"PIX QRS LADEIRA S C30/10 -14,00",-14,"October 30, 2023",saída,almoço,-14,0,
"REND PAGO APLIC AUT MAIS 1,42",1.42,"October 30, 2023",entrada,rendimento,0,1.42,
"PAY -SUPERMERCAD-27/10 -260,15",-260.15,"October 27, 2023",saída,supermercado,-260.15,0,
"PAY -MP *LADEIRA-27/10 -25,00",-25,"October 27, 2023",saída,almoço,-25,0,
"RSHOP-EDILCE DAS -27/10 -20,70",-20.7,"October 27, 2023",saída,supermercado,-20.7,0,
"REND PAGO APLIC AUT MAIS 7,21",7.21,"October 27, 2023",entrada,rendimento,0,7.21,
"PAY -MP *LADEIRA-26/10 -14,00",-14,"October 26, 2023",saída,almoço,-14,0,
"REND PAGO APLIC AUT MAIS 0,33",0.33,"October 26, 2023",entrada,rendimento,0,0.33,
"PAY -DANI DOCES -25/10 -16,00",-16,"October 25, 2023",saída,lanche,-16,0,
"PIX QRS Growth Supp25/10 -426,87",-426.87,"October 25, 2023",saída,compras,-426.87,0,
"PAY -SABOR DA EM-25/10 -4,00",-4,"October 25, 2023",saída,lanche,-4,0,
"REND PAGO APLIC AUT MAIS 10,49",10.49,"October 25, 2023",entrada,rendimento,0,10.49,
"RSHOP-FEIRA DO MA-24/10 -21,20",-21.2,"October 24, 2023",saída,supermercado,-21.2,0,
"RSHOP-EDILCE DAS -24/10 -32,68",-32.68,"October 24, 2023",saída,supermercado,-32.68,0,
"RSHOP-SUPERMERCAD-24/10 -85,17",-85.17,"October 24, 2023",saída,supermercado,-85.17,0,
"RSHOP-SUPERMERCAD-24/10 -42,39",-42.39,"October 24, 2023",saída,supermercado,-42.39,0,
"PIX TRANSF CHRISTI24/10 -400,00",-400,"October 24, 2023",saída,saúde,-400,0,
"PAY -PAG*Jaqueli-24/10 -15,00",-15,"October 24, 2023",saída,lanche,-15,0,
"REND PAGO APLIC AUT MAIS 15,21",15.21,"October 24, 2023",entrada,rendimento,0,15.21,
"RSHOP-SUPERMERCAD-23/10 -38,48",-38.48,"October 23, 2023",saída,supermercado,-38.48,0,
"RSHOP-SUPERMERCAD-21/10 -54,04",-54.04,"October 23, 2023",saída,supermercado,-54.04,0,
"PAY -PAG*Masende-23/10 -15,00",-15,"October 23, 2023",saída,lanche,-15,0,
"RSHOP-SABOR DA EM-23/10 -12,00",-12,"October 23, 2023",saída,lanche,-12,0,
"REND PAGO APLIC AUT MAIS 3,04",3.04,"October 23, 2023",entrada,rendimento,0,3.04,
"PAY -SUPERMERCAD-20/10 -11,45",-11.45,"October 20, 2023",saída,supermercado,-11.45,0,
"REND PAGO APLIC AUT MAIS 0,29",0.29,"October 20, 2023",entrada,rendimento,0,0.29,
"RSHOP-SUPERMERCAD-18/10 -344,73",-344.73,"October 18, 2023",saída,supermercado,-344.73,0,
"PAY -SABOR DA EM-18/10 -4,00",-4,"October 18, 2023",saída,lanche,-4,0,
"REND PAGO APLIC AUT MAIS 8,74",8.74,"October 18, 2023",entrada,rendimento,0,8.74,
"PAY -PAG*Adevald-14/10 -10,00",-10,"October 16, 2023",saída,lanche,-10,0,
"RSHOP-EDILCE DAS -14/10 -76,00",-76,"October 16, 2023",saída,supermercado,-76,0,
"PAY -CHALEIRA S -14/10 -20,00",-20,"October 16, 2023",saída,outros,-20,0,
"REND PAGO APLIC AUT MAIS 2,64",2.64,"October 16, 2023",entrada,rendimento,0,2.64,
"INT CEMIG DISTRIBUICA 03 -135,73",-135.73,"October 13, 2023",saída,contas,-135.73,0,
"RSHOP-SUPERMERCAD-13/10 -58,67",-58.67,"October 13, 2023",saída,supermercado,-58.67,0,
"INT COPASA 0123631047137 -67,58",-67.58,"October 13, 2023",saída,contas,-67.58,0,
"PIX QRS CONECTA MIN12/10 -99,00",-99,"October 13, 2023",saída,contas,-99,0,
"RSHOP-SUPERMERCAD-12/10 -42,27",-42.27,"October 13, 2023",saída,supermercado,-42.27,0,
"REND PAGO APLIC AUT MAIS 10,03",10.03,"October 13, 2023",entrada,rendimento,0,10.03,
"RSHOP-SUPERMERCAD-11/10 -2,22",-2.22,"October 11, 2023",saída,supermercado,-2.22,0,
"RSHOP-SUPERMERCAD-10/10 -64,90",-64.9,"October 10, 2023",saída,supermercado,-64.9,0,
"RSHOP-SUPERMERCAD-10/10 -56,75",-56.75,"October 10, 2023",saída,supermercado,-56.75,0,
"REND PAGO APLIC AUT MAIS 2,98",2.98,"October 10, 2023",entrada,rendimento,0,2.98,
"PAY -SUPERMERCAD-08/10 -78,78",-78.78,"October 9, 2023",saída,supermercado,-78.78,0,
"PIX QRS CLARO08/10 -80,64",-80.64,"October 9, 2023",saída,contas,-80.64,0,
"MOBILEPAG TIT BANCO 260 -147,09",-147.09,"October 9, 2023",saída,contas,-147.09,0,
"PAY -LEANDRO DA -07/10 -36,00",-36,"October 9, 2023",saída,supermercado,-36,0,
"PAY -POWER POINT-09/10 -100,00",-100,"October 9, 2023",saída,saúde,-100,0,
"PAY -MP *LADEIRA-07/10 -14,00",-14,"October 9, 2023",saída,almoço,-14,0,
"PIX QRS CLARO08/10 -78,30",-78.3,"October 9, 2023",saída,contas,-78.3,0,
"RSHOP-PAG*BecoMin-07/10 -38,00",-38,"October 9, 2023",saída,almoço,-38,0,
"REND PAGO APLIC AUT MAIS 13,97",13.97,"October 9, 2023",entrada,rendimento,0,13.97,
"PAY -MP *LADEIRA-06/10 -14,00",-14,"October 6, 2023",saída,almoço,-14,0,
"PAY -SABOR DA EM-06/10 -8,00",-8,"October 6, 2023",saída,lanche,-8,0,
"PAY -MP *LADEIRA-06/10 -30,00",-30,"October 6, 2023",saída,almoço,-30,0,
"REND PAGO APLIC AUT MAIS 1,26",1.26,"October 6, 2023",entrada,rendimento,0,1.26,
"PAY -MP *LADEIRA-05/10 -14,00",-14,"October 5, 2023",saída,almoço,-14,0,
"REND PAGO APLIC AUT MAIS 0,34",0.34,"October 5, 2023",entrada,rendimento,0,0.34,
"INT CLARO S.A 012588878 -142,07",-142.07,"October 4, 2023",saída,contas,-142.07,0,
"REND PAGO APLIC AUT MAIS 3,42",3.42,"October 4, 2023",entrada,rendimento,0,3.42,
"RSHOP-SUPERMERCAD-03/10 -27,45",-27.45,"October 3, 2023",saída,supermercado,-27.45,0,
"RSHOP-PAG Masende-03/10 -69,75",-69.75,"October 3, 2023",saída,almoço,-69.75,0,
"REND PAGO APLIC AUT MAIS 2,32",2.32,"October 3, 2023",entrada,rendimento,0,2.32,
"RSHOP-PADARIA DO -01/10 -10,00",-10,"October 2, 2023",saída,supermercado,-10,0,
"PAY -PAYGO*FELES-30/09 -40,50",-40.5,"October 2, 2023",saída,outros,-40.5,0,
"REND PAGO APLIC AUT MAIS 1,20",1.2,"October 2, 2023",entrada,rendimento,0,1.2,
"RSHOP-SUPERMERCAD-29/09 -22,36",-22.36,"September 29, 2023",saída,supermercado,-22.36,0,
"PAY -LANCHONETE -29/09 -48,00",-48,"September 29, 2023",saída,lanche,-48,0,
"RSHOP-PADARIA DO -29/09 -16,00",-16,"September 29, 2023",saída,lanche,-16,0,
"REND PAGO APLIC AUT MAIS 2,05",2.05,"September 29, 2023",entrada,rendimento,0,2.05,
"PAY -DROGARIA DO-28/09 -11,90",-11.9,"September 28, 2023",saída,outros,-11.9,0,
"RSHOP-SUPERMERCAD-28/09 -79,67",-79.67,"September 28, 2023",saída,supermercado,-79.67,0,
"REND PAGO APLIC AUT MAIS 2,16",2.16,"September 28, 2023",entrada,rendimento,0,2.16,
"RSHOP-SUPERMERCAD-26/09 -25,81",-25.81,"September 26, 2023",saída,supermercado,-25.81,0,
"PIX TRANSF Pollyan26/09 -225,00",-225,"September 26, 2023",saída,educação,-225,0,
"REND PAGO APLIC AUT MAIS 5,87",5.87,"September 26, 2023",entrada,rendimento,0,5.87,
"PIX TRANSF Alisson23/09 -9,00",-9,"September 25, 2023",saída,lazer,-9,0,
"RSHOP-PAG*Padaria-24/09 -10,00",-10,"September 25, 2023",saída,lanche,-10,0,
"RSHOP-EDILCE DAS -25/09 -85,80",-85.8,"September 25, 2023",saída,supermercado,-85.8,0,
"PAY -MP *LADEIRA-24/09 -49,00",-49,"September 25, 2023",saída,lazer,-49,0,
"RSHOP-SUPERMERCAD-23/09 -17,56",-17.56,"September 25, 2023",saída,supermercado,-17.56,0,
"RSHOP-PAG*Aucieli-25/09 -11,00",-11,"September 25, 2023",saída,lanche,-11,0,
"RSHOP-PADARIA DO -24/09 -24,00",-24,"September 25, 2023",saída,lanche,-24,0,
"REND PAGO APLIC AUT MAIS 4,80",4.8,"September 25, 2023",entrada,rendimento,0,4.8,
"PAY -CRIATIVA PA-22/09 -20,00",-20,"September 22, 2023",saída,outros,-20,0,
"PAY -DANI DOCES -22/09 -22,00",-22,"September 22, 2023",saída,lanche,-22,0,
"RSHOP-SUPERMERCAD-22/09 -44,61",-44.61,"September 22, 2023",saída,supermercado,-44.61,0,
"PAY -SUPERMERCAD-22/09 -53,97",-53.97,"September 22, 2023",saída,supermercado,-53.97,0,
"RSHOP-SUPERMERCAD-22/09 -49,18",-49.18,"September 22, 2023",saída,supermercado,-49.18,0,
"REND PAGO APLIC AUT MAIS 4,40",4.4,"September 22, 2023",entrada,rendimento,0,4.4,
"RSHOP-SUPERMERCAD-21/09 -118,67",-118.67,"September 21, 2023",saída,supermercado,-118.67,0,
"REND PAGO APLIC AUT MAIS 2,74",2.74,"September 21, 2023",entrada,rendimento,0,2.74,
"PIX QRS BAZAM PICH20/09 -239,60",-239.6,"September 20, 2023",saída,compras,-239.6,0,
"RSHOP-DOURADAO SU-20/09 -30,76",-30.76,"September 20, 2023",saída,supermercado,-30.76,0,
"REND PAGO APLIC AUT MAIS 6,20",6.2,"September 20, 2023",entrada,rendimento,0,6.2,
"PAY -MP *LADEIRA-16/09 -17,00",-17,"September 18, 2023",saída,almoço,-17,0,
"PAY -SABOR DA EM-17/09 -16,00",-16,"September 18, 2023",saída,lanche,-16,0,
"PAY -MP *LADEIRA-17/09 -17,90",-17.9,"September 18, 2023",saída,almoço,-17.9,0,
"RSHOP-SUPERMERCAD-18/09 -71,40",-71.4,"September 18, 2023",saída,supermercado,-71.4,0,
"PAY -ARENA SOCCE-16/09 -63,90",-63.9,"September 18, 2023",saída,outros,-63.9,0,
"REND PAGO APLIC AUT MAIS 4,23",4.23,"September 18, 2023",entrada,rendimento,0,4.23,
"RSHOP-SUPERMERCAD-15/09 -20,23",-20.23,"September 15, 2023",saída,supermercado,-20.23,0,
"RSHOP-EDILCE DAS -15/09 -38,85",-38.85,"September 15, 2023",saída,supermercado,-38.85,0,
"REND PAGO APLIC AUT MAIS 1,33",1.33,"September 15, 2023",entrada,rendimento,0,1.33,
"RSHOP-SUPERMERCAD-13/09 -156,39",-156.39,"September 13, 2023",saída,supermercado,-156.39,0,
"RSHOP-SUP LAGOA -13/09 -65,00",-65,"September 13, 2023",saída,supermercado,-65,0,
"REND PAGO APLIC AUT MAIS 4,95",4.95,"September 13, 2023",entrada,rendimento,0,4.95,
"RSHOP-SUP LAGOA -12/09 -20,45",-20.45,"September 12, 2023",saída,supermercado,-20.45,0,
"PAY -LOJA PRIMAV-12/09 -161,70",-161.7,"September 12, 2023",saída,compras,-161.7,0,
"RSHOP-SUPERMERCAD-12/09 -32,63",-32.63,"September 12, 2023",saída,supermercado,-32.63,0,
"RSHOP-SUPERMERCAD-12/09 -92,00",-92,"September 12, 2023",saída,supermercado,-92,0,
"PAY -DANI DOCES -12/09 -10,00",-10,"September 12, 2023",saída,lanche,-10,0,
"REND PAGO APLIC AUT MAIS 7,04",7.04,"September 12, 2023",entrada,rendimento,0,7.04,
"RSHOP-EDILCE DAS -09/09 -78,35",-78.35,"September 11, 2023",saída,supermercado,-78.35,0,
"PAY -SUPERMERCAD-09/09 -39,95",-39.95,"September 11, 2023",saída,supermercado,-39.95,0,
"PIX QRS CONECTA MIN11/09 -99,00",-99,"September 11, 2023",saída,contas,-99,0,
"INT COPASA 0123564408196 -53,83",-53.83,"September 11, 2023",saída,contas,-53.83,0,
"INT CEMIG DISTRIBUICA 02 -126,83",-126.83,"September 11, 2023",saída,contas,-126.83,0,
"RSHOP-SUPERMERCAD-11/09 -57,48",-57.48,"September 11, 2023",saída,supermercado,-57.48,0,
"PAY -MP *LADEIRA-09/09 -14,00",-14,"September 11, 2023",saída,almoço,-14,0,
"REND PAGO APLIC AUT MAIS 10,39",10.39,"September 11, 2023",entrada,rendimento,0,10.39,
"RSHOP-EDILCE DAS -07/09 -62,80",-62.8,"September 8, 2023",saída,supermercado,-62.8,0,
"MOBILEPAG TIT BANCO 260 -538,73",-538.73,"September 8, 2023",saída,compras,-538.73,0,
"PAY -POWER POINT-08/09 -90,00",-90,"September 8, 2023",saída,saúde,-90,0,
"PAY -DANI DOCES -08/09 -32,00",-32,"September 8, 2023",saída,lazer,-32,0,
"REND PAGO APLIC AUT MAIS 15,93",15.93,"September 8, 2023",entrada,rendimento,0,15.93,
"PAY -MP *LADEIRA-06/09 -14,00",-14,"September 6, 2023",saída,almoço,-14,0,
"REND PAGO APLIC AUT MAIS 0,31",0.31,"September 6, 2023",entrada,rendimento,0,0.31,
"RSHOP-EDILCE DAS -05/09 -97,70",-97.7,"September 5, 2023",saída,supermercado,-97.7,0,
"REND PAGO APLIC AUT MAIS 2,13",2.13,"September 5, 2023",entrada,rendimento,0,2.13,
"PAY -PG *TON BAR-02/09 -17,40",-17.4,"September 4, 2023",saída,lazer,-17.4,0,
"INT SIMPLES NACIONA 0708 -87,48",-87.48,"September 4, 2023",saída,outros,-87.48,0,
"INT SIMPLES NACIONA 0708 -74,99",-74.99,"September 4, 2023",saída,outros,-74.99,0,
"INT DARF 012324567234437 -25,00",-25,"September 4, 2023",saída,outros,-25,0,
"RSHOP-PAG*Jaqueli-03/09 -16,00",-16,"September 4, 2023",saída,almoço,-16,0,
"PIX TRANSF Pollyan02/09 -375,00",-375,"September 4, 2023",saída,educação,-375,0,
"RSHOP-REST EMGREN-03/09 -41,00",-41,"September 4, 2023",saída,almoço,-41,0,
"INT SIMPLES NACIONA 0708 -83,30",-83.3,"September 4, 2023",saída,outros,-83.3,0,
"PAY -MP *LADEIRA-02/09 -14,00",-14,"September 4, 2023",saída,lazer,-14,0,
"RSHOP-SUPERMERCAD-04/09 -65,18",-65.18,"September 4, 2023",saída,supermercado,-65.18,0,
"INT SIMPLES NACIONA 0708 -71,00",-71,"September 4, 2023",saída,outros,-71,0,
"REND PAGO APLIC AUT MAIS 18,86",18.86,"September 4, 2023",entrada,rendimento,0,18.86,
"RSHOP-SUPERMERCAD-31/08 -83,77",-83.77,"August 31, 2023",saída,supermercado,-83.77,0,
"REND PAGO APLIC AUT MAIS 1,80",1.8,"August 31, 2023",entrada,rendimento,0,1.8,
"PAY -PG *TON BAR-26/08 -28,00",-28,"August 28, 2023",saída,lazer,-28,0,
"RSHOP-SUPERMERCAD-28/08 -233,44",-233.44,"August 28, 2023",saída,lazer,-233.44,0,
"PIX TRANSF Leidian26/08 -6,00",-6,"August 28, 2023",saída,lanche,-6,0,
"PIX QRS KABUM COMER28/08 -201,51",-201.51,"August 28, 2023",saída,compras,-201.51,0,
"PAY -SABOR DA EM-26/08 -8,00",-8,"August 28, 2023",saída,lanche,-8,0,
"PAY -PAG*Padaria-27/08 -6,90",-6.9,"August 28, 2023",saída,lanche,-6.9,0,
"REND PAGO APLIC AUT MAIS 10,20",10.2,"August 28, 2023",entrada,rendimento,0,10.2,
"PAY -MP *LADEIRA-25/08 -27,00",-27,"August 25, 2023",saída,lanche,-27,0,
"PAY -ML INFORMAT-25/08 -68,00",-68,"August 25, 2023",saída,compras,-68,0,
"PAY -FERNANDA DE-25/08 -119,99",-119.99,"August 25, 2023",saída,compras,-119.99,0,
"PAY -PG *TON BAR-25/08 -10,00",-10,"August 25, 2023",saída,lazer,-10,0,
"PAY -42 253 606 -25/08 -7,50",-7.5,"August 25, 2023",saída,outros,-7.5,0,
"PAY -DROGARIA DO-25/08 -3,90",-3.9,"August 25, 2023",saída,saúde,-3.9,0,
"REND PAGO APLIC AUT MAIS 4,96",4.96,"August 25, 2023",entrada,rendimento,0,4.96,
"PAY -POWER POINT-24/08 -115,00",-115,"August 24, 2023",saída,saúde,-115,0,
"RSHOP-SUPERMERCAD-24/08 -41,78",-41.78,"August 24, 2023",saída,supermercado,-41.78,0,
"REND PAGO APLIC AUT MAIS 3,27",3.27,"August 24, 2023",entrada,rendimento,0,3.27,
"RSHOP-EDILCE DAS -23/08 -34,80",-34.8,"August 23, 2023",saída,supermercado,-34.8,0,
"PAY -PAG*Dourada-23/08 -194,36",-194.36,"August 23, 2023",saída,compras,-194.36,0,
"REND PAGO APLIC AUT MAIS 4,76",4.76,"August 23, 2023",entrada,rendimento,0,4.76,
"RSHOP-SUPERMERCAD-21/08 -92,43",-92.43,"August 21, 2023",saída,supermercado,-92.43,0,
"PAY -PADARIA DO -20/08 -22,00",-22,"August 21, 2023",saída,lanche,-22,0,
"PAY -MP *LADEIRA-20/08 -14,00",-14,"August 21, 2023",saída,almoço,-14,0,
"PAY -MP *LADEIRA-19/08 -25,50",-25.5,"August 21, 2023",saída,almoço,-25.5,0,
"RSHOP-SUPERMERCAD-19/08 -72,83",-72.83,"August 21, 2023",saída,supermercado,-72.83,0,
"REND PAGO APLIC AUT MAIS 4,65",4.65,"August 21, 2023",entrada,rendimento,0,4.65,
"PAY -ART'S BARBE-18/08 -15,00",-15,"August 18, 2023",saída,supermercado,-15,0,
"PAY -ELDORADO DI-18/08 -12,00",-12,"August 18, 2023",saída,supermercado,-12,0,
"PAY -ELDORADO DI-18/08 -23,00",-23,"August 18, 2023",saída,supermercado,-23,0,
"REND PAGO APLIC AUT MAIS 1,02",1.02,"August 18, 2023",entrada,rendimento,0,1.02,
"RSHOP-EDILCE DAS -17/08 -52,64",-52.64,"August 17, 2023",saída,supermercado,-52.64,0,
"REND PAGO APLIC AUT MAIS 1,07",1.07,"August 17, 2023",entrada,rendimento,0,1.07,
"RSHOP-FEIRA DO MA-15/08 -12,80",-12.8,"August 15, 2023",saída,supermercado,-12.8,0,
"PAY -DANI DOCES -15/08 -4,00",-4,"August 15, 2023",saída,lanche,-4,0,
"PAY -SABOR DA EM-15/08 -8,00",-8,"August 15, 2023",saída,lanche,-8,0,
"PAY -DROGARIA DO-15/08 -27,80",-27.8,"August 15, 2023",saída,saúde,-27.8,0,
"REND PAGO APLIC AUT MAIS 1,05",1.05,"August 15, 2023",entrada,rendimento,0,1.05,
"RSHOP-EDILCE DAS -12/08 -41,80",-41.8,"August 14, 2023",saída,supermercado,-41.8,0,
"RSHOP-SUPERMERCAD-14/08 -79,41",-79.41,"August 14, 2023",saída,supermercado,-79.41,0,
"PAY -MP *COZINHA-12/08 -25,00",-25,"August 14, 2023",saída,almoço,-25,0,
"PAY -MP *LADEIRA-12/08 -12,00",-12,"August 14, 2023",saída,almoço,-12,0,
"RSHOP-REST EMGREN-13/08 -35,00",-35,"August 14, 2023",saída,almoço,-35,0,
"PAY -TREM BOM DE-13/08 -12,00",-12,"August 14, 2023",saída,almoço,-12,0,
"RSHOP-SUPERMERCAD-14/08 -78,75",-78.75,"August 14, 2023",saída,supermercado,-78.75,0,
"REND PAGO APLIC AUT MAIS 5,66",5.66,"August 14, 2023",entrada,rendimento,0,5.66,
"PAY -ELDORADO DI-11/08 -32,00",-32,"August 11, 2023",saída,supermercado,-32,0,
"INT PAG TIT BANCO 260 -553,65",-553.65,"August 11, 2023",saída,compras,-553.65,0,
"INT PAG TIT BANCO 001 -99,00",-99,"August 11, 2023",saída,contas,-99,0,
"PAY -PAG*Padaria-11/08 -10,20",-10.2,"August 11, 2023",saída,lanche,-10.2,0,
"INT PAG TIT BANCO 001 -99,00",-99,"August 11, 2023",saída,contas,-99,0,
"REND PAGO APLIC AUT MAIS 15,73",15.73,"August 11, 2023",entrada,rendimento,0,15.73,
"PAY -SABOR DA EM-10/08 -4,00",-4,"August 10, 2023",saída,lanche,-4,0,
"RSHOP-EDILCE DAS -10/08 -92,00",-92,"August 10, 2023",saída,supermercado,-92,0,
"REND PAGO APLIC AUT MAIS 1,89",1.89,"August 10, 2023",entrada,rendimento,0,1.89,
"INT CEMIG DISTRIBUICA 02 -131,77",-131.77,"August 9, 2023",saída,contas,-131.77,0,
"INT COPASA 0123494699928 -49,93",-49.93,"August 9, 2023",saída,contas,-49.93,0,
"INT COPASA 0123427175084 -41,16",-41.16,"August 9, 2023",saída,contas,-41.16,0,
"REND PAGO APLIC AUT MAIS 4,36",4.36,"August 9, 2023",entrada,rendimento,0,4.36,
"RSHOP-SUPERMERCAD-08/08 -64,79",-64.79,"August 8, 2023",saída,supermercado,-64.79,0,
"PAY -POWER POINT-08/08 -90,00",-90,"August 8, 2023",saída,saúde,-90,0,
"RSHOP-EDILCE DAS -08/08 -39,35",-39.35,"August 8, 2023",saída,supermercado,-39.35,0,
"REND PAGO APLIC AUT MAIS 3,78",3.78,"August 8, 2023",entrada,rendimento,0,3.78,
"PAY -MP *FERNAND-06/08 -8,00",-8,"August 7, 2023",saída,lanche,-8,0,
"PAY -RESTAURANTE-06/08 -34,90",-34.9,"August 7, 2023",saída,almoço,-34.9,0,
"PAY -DROGARIA DO-05/08 -3,90",-3.9,"August 7, 2023",saída,saúde,-3.9,0,
"PAY -MP *LADEIRA-07/08 -14,00",-14,"August 7, 2023",saída,almoço,-14,0,
"PAY -AUTOCENTER -06/08 -15,00",-15,"August 7, 2023",saída,outros,-15,0,
"RSHOP-EDILCE DAS -05/08 -25,00",-25,"August 7, 2023",saída,supermercado,-25,0,
"PAY -MP *LADEIRA-05/08 -39,45",-39.45,"August 7, 2023",saída,lazer,-39.45,0,
"PAY -MP *FAZENDI-06/08 -10,00",-10,"August 7, 2023",saída,lazer,-10,0,
"REND PAGO APLIC AUT MAIS 2,91",2.91,"August 7, 2023",entrada,rendimento,0,2.91,
"RSHOP-SUPERMERCAD-04/08 -91,41",-91.41,"August 4, 2023",saída,supermercado,-91.41,0,
"REND PAGO APLIC AUT MAIS 1,76",1.76,"August 4, 2023",entrada,rendimento,0,1.76,
"PAY -PG *TON CHA-03/08 -24,00",-24,"August 3, 2023",saída,almoço,-24,0,
"RSHOP-SUP LAGOA -03/08 -29,70",-29.7,"August 3, 2023",saída,supermercado,-29.7,0,
"PAY -DROGARIA DO-03/08 -3,90",-3.9,"August 3, 2023",saída,saúde,-3.9,0,
"REND PAGO APLIC AUT MAIS 1,10",1.1,"August 3, 2023",entrada,rendimento,0,1.1,
"RSHOP-EDILCE DAS -02/08 -28,89",-28.89,"August 2, 2023",saída,supermercado,-28.89,0,
"REND PAGO APLIC AUT MAIS 0,55",0.55,"August 2, 2023",entrada,rendimento,0,0.55,
"PIX TRANSF CHRISTI01/08 -600,00",-600,"August 1, 2023",saída,outros,-600,0,
"RSHOP-SUPERMERCAD-01/08 -56,06",-56.06,"August 1, 2023",saída,supermercado,-56.06,0,
"PIX TRANSF Pollyan01/08 -300,00",-300,"August 1, 2023",saída,educação,-300,0,
"REND PAGO APLIC AUT MAIS 18,05",18.05,"August 1, 2023",entrada,rendimento,0,18.05,
"PAY -VIACAO SAND-31/07 -152,90",-152.9,"July 31, 2023",saída,outros,-152.9,0,
"PIX TRANSF Jose Nu31/07 -5,00",-5,"July 31, 2023",saída,outros,-5,0,
"PAY -QUINTAL SAV-29/07 -93,48",-93.48,"July 31, 2023",saída,lazer,-93.48,0,
"PAY -RODO BH COM-31/07 -30,00",-30,"July 31, 2023",saída,outros,-30,0,
"PAY -CREP S CARD-31/07 -3,75",-3.75,"July 31, 2023",saída,saúde,-3.75,0,
"RSHOP-EDILCE DAS -29/07 -40,40",-40.4,"July 31, 2023",saída,supermercado,-40.4,0,
"PAY -ESTOURO GAS-31/07 -38,00",-38,"July 31, 2023",saída,almoço,-38,0,
"PAY -RIO DE JANE-30/07 -37,30",-37.3,"July 31, 2023",saída,outros,-37.3,0,
"PIX QRS I.Casei Pre30/07 -164,53",-164.53,"July 31, 2023",saída,outros,-164.53,0,
"PAY -PAG*Padaria-29/07 -2,50",-2.5,"July 31, 2023",saída,lanche,-2.5,0,
"REND PAGO APLIC AUT MAIS 10,65",10.65,"July 31, 2023",entrada,rendimento,0,10.65,
"RSHOP-PADARIA DO -28/07 -69,00",-69,"July 28, 2023",saída,supermercado,-69,0,
"RSHOP-EDILCE DAS -28/07 -53,28",-53.28,"July 28, 2023",saída,supermercado,-53.28,0,
"REND PAGO APLIC AUT MAIS 2,28",2.28,"July 28, 2023",entrada,rendimento,0,2.28,
"RSHOP-SUPERMERCAD-27/07 -30,35",-30.35,"July 27, 2023",saída,supermercado,-30.35,0,
"REND PAGO APLIC AUT MAIS 0,56",0.56,"July 27, 2023",entrada,rendimento,0,0.56,
"RSHOP-SUP LAGOA -26/07 -15,38",-15.38,"July 26, 2023",saída,supermercado,-15.38,0,
"RSHOP-JPJ COMERCI-26/07 -27,09",-27.09,"July 26, 2023",saída,supermercado,-27.09,0,
"REND PAGO APLIC AUT MAIS 0,78",0.78,"July 26, 2023",entrada,rendimento,0,0.78,
"RSHOP-EDILCE DAS -25/07 -81,69",-81.69,"July 25, 2023",saída,supermercado,-81.69,0,
"REND PAGO APLIC AUT MAIS 1,49",1.49,"July 25, 2023",entrada,rendimento,0,1.49,
"PIX TRANSF Eta Kar22/07 -10,00",-10,"July 24, 2023",saída,lazer,-10,0,
"PAY -PG *TON JAK-23/07 -22,50",-22.5,"July 24, 2023",saída,lanche,-22.5,0,
"PAY -PAG*BotecoE-22/07 -20,00",-20,"July 24, 2023",saída,lazer,-20,0,
"PAY -PAG*BotecoE-22/07 -10,00",-10,"July 24, 2023",saída,lazer,-10,0,
"RSHOP-EDILCE DAS -22/07 -35,70",-35.7,"July 24, 2023",saída,supermercado,-35.7,0,
"REND PAGO APLIC AUT MAIS 1,78",1.78,"July 24, 2023",entrada,rendimento,0,1.78,
"PAY -ELDORADO DI-21/07 -13,00",-13,"July 21, 2023",saída,supermercado,-13,0,
"PAY -DROGARIA DO-21/07 -3,90",-3.9,"July 21, 2023",saída,saúde,-3.9,0,
"RSHOP-SUPERMERCAD-21/07 -72,90",-72.9,"July 21, 2023",saída,supermercado,-72.9,0,
"PAY -LOJA PRIMAV-21/07 -120,70",-120.7,"July 21, 2023",saída,compras,-120.7,0,
"REND PAGO APLIC AUT MAIS 3,94",3.94,"July 21, 2023",entrada,rendimento,0,3.94,
"PAY -ELDORADO DI-19/07 -13,50",-13.5,"July 19, 2023",saída,supermercado,-13.5,0,
"RSHOP-SUPERMERCAD-19/07 -242,35",-242.35,"July 19, 2023",saída,supermercado,-242.35,0,
"REND PAGO APLIC AUT MAIS 4,77",4.77,"July 19, 2023",entrada,rendimento,0,4.77,
"PAY -MP *LADEIRA-18/07 -17,90",-17.9,"July 18, 2023",saída,lanche,-17.9,0,
"REND PAGO APLIC AUT MAIS 0,33",0.33,"July 18, 2023",entrada,rendimento,0,0.33,
"PAY -SABOR DA EM-17/07 -4,00",-4,"July 17, 2023",saída,lanche,-4,0,
"PAY -MP *LADEIRA-17/07 -59,90",-59.9,"July 17, 2023",saída,lazer,-59.9,0,
"PAY -ELDORADO DI-15/07 -41,90",-41.9,"July 17, 2023",saída,supermercado,-41.9,0,
"RSHOP-FEIRA DO MA-16/07 -10,40",-10.4,"July 17, 2023",saída,supermercado,-10.4,0,
"PAY -DROGARIA DO-15/07 -3,90",-3.9,"July 17, 2023",saída,saúde,-3.9,0,
"PAY -MP *LADEIRA-16/07 -70,00",-70,"July 17, 2023",saída,lazer,-70,0,
"RSHOP-SUPERMERCAD-15/07 -153,69",-153.69,"July 17, 2023",saída,supermercado,-153.69,0,
"REND PAGO APLIC AUT MAIS 6,32",6.32,"July 17, 2023",entrada,rendimento,0,6.32,
"PAY -MP *LADEIRA-14/07 -20,00",-20,"July 14, 2023",saída,lanche,-20,0,
"RSHOP-SUP LAGOA -14/07 -22,00",-22,"July 14, 2023",saída,lanche,-22,0,
"PIX QRS MARCIA MARI14/07 -12,75",-12.75,"July 14, 2023",saída,lanche,-12.75,0,
"REND PAGO APLIC AUT MAIS 1,00",1,"July 14, 2023",entrada,rendimento,0,1,
"RSHOP-SUPERMERCAD-13/07 -15,65",-15.65,"July 13, 2023",saída,supermercado,-15.65,0,
"REND PAGO APLIC AUT MAIS 0,28",0.28,"July 13, 2023",entrada,rendimento,0,0.28,
"RSHOP-SUPERMERCAD-12/07 -65,59",-65.59,"July 12, 2023",saída,supermercado,-65.59,0,
"PAY -DROGARIA DO-12/07 -31,80",-31.8,"July 12, 2023",saída,saúde,-31.8,0,
"REND PAGO APLIC AUT MAIS 1,76",1.76,"July 12, 2023",entrada,rendimento,0,1.76,
"PAY -SABOR DA EM-11/07 -8,00",-8,"July 11, 2023",saída,lanche,-8,0,
"RSHOP-EDILCE DAS -11/07 -43,35",-43.35,"July 11, 2023",saída,supermercado,-43.35,0,
"REND PAGO APLIC AUT MAIS 0,92",0.92,"July 11, 2023",entrada,rendimento,0,0.92,
"PAY -RESTAURANTE-09/07 -17,24",-17.24,"July 10, 2023",saída,almoço,-17.24,0,
"RSHOP-SUPERMERCAD-08/07 -92,00",-92,"July 10, 2023",saída,supermercado,-92,0,
"PAY -TREM BOM DE-09/07 -23,00",-23,"July 10, 2023",saída,almoço,-23,0,
"PIX TRANSF jose eu09/07 -15,00",-15,"July 10, 2023",saída,outros,-15,0,
"PAY -POWER POINT-10/07 -90,00",-90,"July 10, 2023",saída,saúde,-90,0,
"REND PAGO APLIC AUT MAIS 4,22",4.22,"July 10, 2023",entrada,rendimento,0,4.22,
"INT CLARO S.A 013000000 -188,03",-188.03,"July 6, 2023",saída,contas,-188.03,0,
"PAY -DROGARIA DO-06/07 -11,90",-11.9,"July 6, 2023",saída,saúde,-11.9,0,
"RSHOP-SUPERMERCAD-06/07 -246,04",-246.04,"July 6, 2023",saída,supermercado,-246.04,0,
"MOBILEPAG TIT BANCO 260 -3.728,54",-3728.54,"July 6, 2023",saída,compras,-3728.54,0,
"REND PAGO APLIC AUT MAIS 73,60",73.6,"July 6, 2023",entrada,rendimento,0,73.6,
"PAY -M H L DROGA-04/07 -2,99",-2.99,"July 4, 2023",saída,saúde,-2.99,0,
"PAY -VIACAO SAND-04/07 -24,60",-24.6,"July 4, 2023",saída,outros,-24.6,0,
"PAY -EMPADA DEL -04/07 -9,00",-9,"July 4, 2023",saída,lanche,-9,0,
"DEPOSITO VIA DEB CAIXA 800,00",800,"July 4, 2023",entrada,trabalho,0,800,
"RSHOP-SUPERMERCAD-03/07 -54,55",-54.55,"July 3, 2023",saída,supermercado,-54.55,0,
"PAY -SUPERMERCAD-01/07 -91,07",-91.07,"July 3, 2023",saída,supermercado,-91.07,0,
"RSHOP-SUPERMERCAD-01/07 -55,74",-55.74,"July 3, 2023",saída,supermercado,-55.74,0,
"RSHOP-EDILCE DAS -01/07 -26,60",-26.6,"July 3, 2023",saída,supermercado,-26.6,0,
"PAY -REST PIZZAR-01/07 -17,00",-17,"July 3, 2023",saída,lanche,-17,0,
"PAY -POWER POINT-03/07 -140,00",-140,"July 3, 2023",saída,saúde,-140,0,
"REND PAGO APLIC AUT MAIS 6,67",6.67,"July 3, 2023",entrada,rendimento,0,6.67,
"RSHOP-EDILCE DAS -30/06 -73,88",-73.88,"June 30, 2023",saída,supermercado,-73.88,0,
"PIX QRS Alipay/AliE30/06 -58,34",-58.34,"June 30, 2023",saída,compras,-58.34,0,
"PIX QRS MARCIA MARI30/06 -11,00",-11,"June 30, 2023",saída,lanche,-11,0,
"PAY -NOVA ERA AG-30/06 -49,80",-49.8,"June 30, 2023",saída,compras,-49.8,0,
"REND PAGO APLIC AUT MAIS 3,32",3.32,"June 30, 2023",entrada,rendimento,0,3.32,
"PAY -SUPERMERCAD-28/06 -23,00",-23,"June 28, 2023",saída,supermercado,-23,0,
"INT COPASA 0123355305963 -49,14",-49.14,"June 28, 2023",saída,contas,-49.14,0,
"INT CEMIG DISTRIBUICA 01 -139,68",-139.68,"June 28, 2023",saída,contas,-139.68,0,
"INT PAG TIT BANCO 001 -104,28",-104.28,"June 28, 2023",saída,contas,-104.28,0,
"INT CEMIG DISTRIBUICA 01 -132,73",-132.73,"June 28, 2023",saída,contas,-132.73,0,
"RSHOP-SHOW BIJUTE-28/06 -52,00",-52,"June 28, 2023",saída,compras,-52,0,
"RSHOP-SUPERMERCAD-28/06 -26,90",-26.9,"June 28, 2023",saída,supermercado,-26.9,0,
"REND PAGO APLIC AUT MAIS 8,95",8.95,"June 28, 2023",entrada,rendimento,0,8.95,
"PAY -REST EMGREN-27/06 -17,00",-17,"June 27, 2023",saída,almoço,-17,0,
"PAY -SUPERMERCAD-27/06 -50,26",-50.26,"June 27, 2023",saída,supermercado,-50.26,0,
"PAY -DROGARIA DO-27/06 -7,20",-7.2,"June 27, 2023",saída,outros,-7.2,0,
"PAY -ML INFORMAT-27/06 -89,00",-89,"June 27, 2023",saída,compras,-89,0,
"REND PAGO APLIC AUT MAIS 2,75",2.75,"June 27, 2023",entrada,rendimento,0,2.75,
"PAY -DROGARIA DO-26/06 -14,90",-14.9,"June 26, 2023",saída,outros,-14.9,0,
"PAY -REST EMGREN-26/06 -20,00",-20,"June 26, 2023",saída,almoço,-20,0,
"PAY -SUPERMERCAD-26/06 -72,90",-72.9,"June 26, 2023",saída,supermercado,-72.9,0,
"PAY -ELDORADO DI-24/06 -35,90",-35.9,"June 26, 2023",saída,supermercado,-35.9,0,
"PAY -FABIANO ROB-24/06 -32,00",-32,"June 26, 2023",saída,lazer,-32,0,
"PAY -ELDORADO DI-24/06 -2,00",-2,"June 26, 2023",saída,supermercado,-2,0,
"PAY -REST EMGREN-24/06 -17,00",-17,"June 26, 2023",saída,almoço,-17,0,
"PAY -RESTAURANTE-25/06 -28,00",-28,"June 26, 2023",saída,almoço,-28,0,
"REND PAGO APLIC AUT MAIS 3,72",3.72,"June 26, 2023",entrada,rendimento,0,3.72,
"PAY -MP *COZINHA-23/06 -44,00",-44,"June 23, 2023",saída,almoço,-44,0,
"REND PAGO APLIC AUT MAIS 0,73",0.73,"June 23, 2023",entrada,rendimento,0,0.73,
"PAY -ELESSANDRA -22/06 -117,50",-117.5,"June 22, 2023",saída,saúde,-117.5,0,
"RSHOP-SUPERMERCAD-22/06 -72,56",-72.56,"June 22, 2023",saída,supermercado,-72.56,0,
"REND PAGO APLIC AUT MAIS 3,13",3.13,"June 22, 2023",entrada,rendimento,0,3.13,
"RSHOP-SUPERMERCAD-20/06 -42,99",-42.99,"June 20, 2023",saída,supermercado,-42.99,0,
"PAY -SABOR DA EM-20/06 -12,00",-12,"June 20, 2023",saída,lanche,-12,0,
"PAY -DROGARIA DO-20/06 -4,90",-4.9,"June 20, 2023",saída,outros,-4.9,0,
"REND PAGO APLIC AUT MAIS 0,97",0.97,"June 20, 2023",entrada,rendimento,0,0.97,
"RSHOP-EDILCE DAS -17/06 -80,50",-80.5,"June 19, 2023",saída,supermercado,-80.5,0,
"RSHOP-RESTAURANTE-18/06 -45,00",-45,"June 19, 2023",saída,almoço,-45,0,
"PAY -POWER POINT-19/06 -5,00",-5,"June 19, 2023",saída,lanche,-5,0,
"RSHOP-EDILCE DAS -19/06 -82,40",-82.4,"June 19, 2023",saída,supermercado,-82.4,0,
"REND PAGO APLIC AUT MAIS 3,43",3.43,"June 19, 2023",entrada,rendimento,0,3.43,
"PAY -MP *LADEIRA-16/06 -41,00",-41,"June 16, 2023",saída,lazer,-41,0,
"REND PAGO APLIC AUT MAIS 0,65",0.65,"June 16, 2023",entrada,rendimento,0,0.65,
"RSHOP-EDILCE DAS -14/06 -151,74",-151.74,"June 14, 2023",saída,supermercado,-151.74,0,
"PIX QRS PAROQUIA DE13/06 -16,00",-16,"June 14, 2023",saída,lazer,-16,0,
"PIX QRS PAROQUIA DE13/06 -15,00",-15,"June 14, 2023",saída,lazer,-15,0,
"RSHOP-SUPERMERCAD-13/06 -31,27",-31.27,"June 14, 2023",saída,supermercado,-31.27,0,
"REND PAGO APLIC AUT MAIS 0,97",0.97,"June 14, 2023",entrada,rendimento,0,0.97,
"REND PAGO APLIC AUT MAIS 2,39",2.39,"June 14, 2023",entrada,rendimento,0,2.39,
"PAY -POWER POINT-12/06 -90,00",-90,"June 12, 2023",saída,saúde,-90,0,
"PAY -REAL ROCAMB-11/06 -15,70",-15.7,"June 12, 2023",saída,lanche,-15.7,0,
"PAY -LANCHONETE -10/06 -10,00",-10,"June 12, 2023",saída,lanche,-10,0,
"RSHOP-EDILCE DAS -11/06 -45,60",-45.6,"June 12, 2023",saída,supermercado,-45.6,0,
"PIX QRS PAGSEGURO T12/06 -9,82",-9.82,"June 12, 2023",saída,compras,-9.82,0,
"PAY -PG *TON BAR-11/06 -30,00",-30,"June 12, 2023",saída,lazer,-30,0,
"PAY -RESTAURANTE-10/06 -16,00",-16,"June 12, 2023",saída,almoço,-16,0,
"REND PAGO APLIC AUT MAIS 3,36",3.36,"June 12, 2023",entrada,rendimento,0,3.36,
"PIX TRANSF Pollyan09/06 -375,00",-375,"June 9, 2023",saída,educação,-375,0,
"RSHOP-EDILCE DAS -08/06 -45,46",-45.46,"June 9, 2023",saída,supermercado,-45.46,0,
"RSHOP-SUPERMERCAD-09/06 -39,75",-39.75,"June 9, 2023",saída,supermercado,-39.75,0,
"RSHOP-EDILCE DAS -09/06 -27,25",-27.25,"June 9, 2023",saída,supermercado,-27.25,0,
"REND PAGO APLIC AUT MAIS 7,50",7.5,"June 9, 2023",entrada,rendimento,0,7.5,
"PIX QRS ACLI BICICL06/06 -20,00",-20,"June 6, 2023",saída,outros,-20,0,
"PAY -SUPERMERCAD-06/06 -110,00",-110,"June 6, 2023",saída,supermercado,-110,0,
"REND PAGO APLIC AUT MAIS 1,97",1.97,"June 6, 2023",entrada,rendimento,0,1.97,
"RSHOP-PADARIA DO -03/06 -26,50",-26.5,"June 5, 2023",saída,lanche,-26.5,0,
"PAY -DROGARIA DO-05/06 -31,90",-31.9,"June 5, 2023",saída,outros,-31.9,0,
"PAY -REST PIZZAR-03/06 -21,00",-21,"June 5, 2023",saída,lanche,-21,0,
"PAY -PAG*BarRil -03/06 -4,00",-4,"June 5, 2023",saída,lazer,-4,0,
"RSHOP-SUPERMERCAD-03/06 -70,19",-70.19,"June 5, 2023",saída,supermercado,-70.19,0,
"PIX TRANSF CHRISTI05/06 -400,00",-400,"June 5, 2023",saída,outros,-400,0,
"PAY -TABERNA DA -03/06 -34,70",-34.7,"June 5, 2023",saída,lazer,-34.7,0,
"REND PAGO APLIC AUT MAIS 8,89",8.89,"June 5, 2023",entrada,rendimento,0,8.89,
"PAY -SABOR DA EM-02/06 -8,00",-8,"June 2, 2023",saída,lanche,-8,0,
"PIX TRANSF SAIONAR02/06 -17,00",-17,"June 2, 2023",saída,lanche,-17,0,
"PIX TRANSF SAIONAR02/06 -4,00",-4,"June 2, 2023",saída,lanche,-4,0,
"REND PAGO APLIC AUT MAIS 0,42",0.42,"June 2, 2023",entrada,rendimento,0,0.42,
"RSHOP-EDILCE DAS -01/06 -124,66",-124.66,"June 1, 2023",saída,supermercado,-124.66,0,
"PAY -POWER POINT-01/06 -5,00",-5,"June 1, 2023",saída,lanche,-5,0,
"REND PAGO APLIC AUT MAIS 1,87",1.87,"June 1, 2023",entrada,rendimento,0,1.87,
"RSHOP-FEIRA DO MA-31/05 -11,60",-11.6,"May 31, 2023",saída,supermercado,-11.6,0,
"REND PAGO APLIC AUT MAIS 0,17",0.17,"May 31, 2023",entrada,rendimento,0,0.17,
"PAY -PAG*Padaria-30/05 -11,55",-11.55,"May 30, 2023",saída,lanche,-11.55,0,
"PIX QRS Analina da 30/05 -8,00",-8,"May 30, 2023",saída,lanche,-8,0,
"PIX QRS MICHELE & H30/05 -222,30",-222.3,"May 30, 2023",saída,outros,-222.3,0,
"REND PAGO APLIC AUT MAIS 3,44",3.44,"May 30, 2023",entrada,rendimento,0,3.44,
"RSHOP-SUPERMERCAD-28/05 -18,16",-18.16,"May 29, 2023",saída,supermercado,-18.16,0,
"PAY -REST EMGREN-28/05 -44,00",-44,"May 29, 2023",saída,almoço,-44,0,
"RSHOP-SUPERMERCAD-29/05 -140,38",-140.38,"May 29, 2023",saída,supermercado,-140.38,0,
"PAY -GABRIELA PA-28/05 -30,40",-30.4,"May 29, 2023",saída,lanche,-30.4,0,
"REND PAGO APLIC AUT MAIS 3,28",3.28,"May 29, 2023",entrada,rendimento,0,3.28,
"RSHOP-EDILCE DAS -26/05 -35,70",-35.7,"May 26, 2023",saída,supermercado,-35.7,0,
"RSHOP-EDILCE DAS -26/05 -19,29",-19.29,"May 26, 2023",saída,supermercado,-19.29,0,
"PAY -DROGARIA DO-26/05 -4,90",-4.9,"May 26, 2023",saída,outros,-4.9,0,
"PIX TRANSF Henriqu26/05 -22,00",-22,"May 26, 2023",saída,outros,-22,0,
"REND PAGO APLIC AUT MAIS 1,14",1.14,"May 26, 2023",entrada,rendimento,0,1.14,
"PAY -POWER POINT-25/05 -5,00",-5,"May 25, 2023",saída,lanche,-5,0,
"PIX QRS CLARO25/05 -183,52",-183.52,"May 25, 2023",saída,contas,-183.52,0,
"PIX QRS CLARO25/05 -183,54",-183.54,"May 25, 2023",saída,contas,-183.54,0,
"PAY -FLYPS LANCH-25/05 -27,00",-27,"May 25, 2023",saída,lanche,-27,0,
"REND PAGO APLIC AUT MAIS 5,53",5.53,"May 25, 2023",entrada,rendimento,0,5.53,
"PAY -SABOR DA EM-24/05 -4,00",-4,"May 24, 2023",saída,lanche,-4,0,
"RSHOP-SUPERMERCAD-24/05 -106,13",-106.13,"May 24, 2023",saída,supermercado,-106.13,0,
"REND PAGO APLIC AUT MAIS 1,52",1.52,"May 24, 2023",entrada,rendimento,0,1.52,
"RSHOP-SUPERMERCAD-23/05 -98,23",-98.23,"May 23, 2023",saída,supermercado,-98.23,0,
"PAY -PAG*Jaqueli-23/05 -14,00",-14,"May 23, 2023",saída,lanche,-14,0,
"PIX QRS Alipay/AliE23/05 -145,01",-145.01,"May 23, 2023",saída,outros,-145.01,0,
"REND PAGO APLIC AUT MAIS 3,51",3.51,"May 23, 2023",entrada,rendimento,0,3.51,
"RSHOP-SUPERMERCAD-22/05 -50,73",-50.73,"May 22, 2023",saída,supermercado,-50.73,0,
"RSHOP-SUPERMERCAD-22/05 -72,90",-72.9,"May 22, 2023",saída,supermercado,-72.9,0,
"RSHOP-EDILCE DAS -20/05 -54,85",-54.85,"May 22, 2023",saída,supermercado,-54.85,0,
"PAY -MP *LEANDRO-20/05 -45,00",-45,"May 22, 2023",saída,supermercado,-45,0,
"RSHOP-PAG*Aucieli-20/05 -14,50",-14.5,"May 22, 2023",saída,supermercado,-14.5,0,
"REND PAGO APLIC AUT MAIS 3,21",3.21,"May 22, 2023",entrada,rendimento,0,3.21,
"RSHOP-SUPERMERCAD-19/05 -87,52",-87.52,"May 19, 2023",saída,supermercado,-87.52,0,
"REND PAGO APLIC AUT MAIS 1,17",1.17,"May 19, 2023",entrada,rendimento,0,1.17,
"INT COPASA 0123290378937 -49,14",-49.14,"May 18, 2023",saída,contas,-49.14,0,
"RSHOP-EDILCE DAS -18/05 -60,85",-60.85,"May 18, 2023",saída,supermercado,-60.85,0,
"RSHOP-PAG*Aucieli-18/05 -14,30",-14.3,"May 18, 2023",saída,supermercado,-14.3,0,
"PIX TRANSF Pollyan18/05 -300,00",-300,"May 18, 2023",saída,educação,-300,0,
"INT PAG TIT BANCO 001 -100,98",-100.98,"May 18, 2023",saída,contas,-100.98,0,
"INT CEMIG DISTRIBUICA 00 -119,24",-119.24,"May 18, 2023",saída,contas,-119.24,0,
"REND PAGO APLIC AUT MAIS 8,56",8.56,"May 18, 2023",entrada,rendimento,0,8.56,
"PAY -MP *LADEIRA-17/05 -30,50",-30.5,"May 17, 2023",saída,lazer,-30.5,0,
"REND PAGO APLIC AUT MAIS 0,40",0.4,"May 17, 2023",entrada,rendimento,0,0.4,
"PAY -PG *TON BAR-16/05 -27,80",-27.8,"May 16, 2023",saída,lazer,-27.8,0,
"PAY -MP *ESPETIN-16/05 -8,00",-8,"May 16, 2023",saída,lanche,-8,0,
"REND PAGO APLIC AUT MAIS 0,47",0.47,"May 16, 2023",entrada,rendimento,0,0.47,
"PAY -REST EMGREN-13/05 -25,00",-25,"May 15, 2023",saída,almoço,-25,0,
"RSHOP-SUPERMERCAD-13/05 -87,39",-87.39,"May 15, 2023",saída,supermercado,-87.39,0,
"PAY -PAG*LaraAnd-13/05 -21,00",-21,"May 15, 2023",saída,lazer,-21,0,
"PAY -PAG*BarRil -13/05 -17,15",-17.15,"May 15, 2023",saída,lazer,-17.15,0,
"REND PAGO APLIC AUT MAIS 1,95",1.95,"May 15, 2023",entrada,rendimento,0,1.95,
"PAY -PG *TON BAR-12/05 -9,00",-9,"May 12, 2023",saída,lanche,-9,0,
"RSHOP-EDILCE DAS -12/05 -41,40",-41.4,"May 12, 2023",saída,supermercado,-41.4,0,
"REND PAGO APLIC AUT MAIS 0,65",0.65,"May 12, 2023",entrada,rendimento,0,0.65,
"RSHOP-EDILCE DAS -11/05 -12,40",-12.4,"May 11, 2023",saída,supermercado,-12.4,0,
"PAY -POWER POINT-11/05 -115,00",-115,"May 11, 2023",saída,saúde,-115,0,
"RSHOP-EDILCE DAS -11/05 -21,10",-21.1,"May 11, 2023",saída,supermercado,-21.1,0,
"REND PAGO APLIC AUT MAIS 1,89",1.89,"May 11, 2023",entrada,rendimento,0,1.89,
"PAY -POWER POINT-10/05 -5,00",-5,"May 10, 2023",saída,lanche,-5,0,
"RSHOP-SUPERMERCAD-10/05 -187,94",-187.94,"May 10, 2023",saída,supermercado,-187.94,0,
"PIX QRS Amazon Serv10/05 -182,19",-182.19,"May 10, 2023",saída,outros,-182.19,0,
"REND PAGO APLIC AUT MAIS 4,72",4.72,"May 10, 2023",entrada,rendimento,0,4.72,
"PAY -MP *ESPETIN-09/05 -8,00",-8,"May 9, 2023",saída,lanche,-8,0,
"PAY -SABOR DA EM-09/05 -8,00",-8,"May 9, 2023",saída,lanche,-8,0,
"PAY -POWER POINT-09/05 -90,00",-90,"May 9, 2023",saída,saúde,-90,0,
"REND PAGO APLIC AUT MAIS 1,32",1.32,"May 9, 2023",entrada,rendimento,0,1.32,
"RSHOP-EDILCE DAS -06/05 -38,48",-38.48,"May 8, 2023",saída,supermercado,-38.48,0,
"RSHOP-EDILCE DAS -07/05 -53,77",-53.77,"May 8, 2023",saída,supermercado,-53.77,0,
"RSHOP-POSTO LAGOA-06/05 -108,00",-108,"May 8, 2023",saída,outros,-108,0,
"PAY -PG *TON BAR-06/05 -10,60",-10.6,"May 8, 2023",saída,lazer,-10.6,0,
"PAY -MP *LADEIRA-06/05 -36,00",-36,"May 8, 2023",saída,lazer,-36,0,
"PAY -PG *TON LAG-07/05 -23,00",-23,"May 8, 2023",saída,lazer,-23,0,
"RSHOP-SUPERMERCAD-06/05 -87,33",-87.33,"May 8, 2023",saída,supermercado,-87.33,0,
"REND PAGO APLIC AUT MAIS 4,88",4.88,"May 8, 2023",entrada,rendimento,0,4.88,
"RSHOP-SUPERMERCAD-05/05 -15,56",-15.56,"May 5, 2023",saída,supermercado,-15.56,0,
"REND PAGO APLIC AUT MAIS 0,24",0.24,"May 5, 2023",entrada,rendimento,0,0.24,
"PAY -MP *COZINHA-04/05 -50,00",-50,"May 4, 2023",saída,almoço,-50,0,
"PAY -RESTAURANTE-04/05 -18,00",-18,"May 4, 2023",saída,almoço,-18,0,
"PAY -VALERIA BUZ-04/05 -4,00",-4,"May 4, 2023",saída,lanche,-4,0,
"REND PAGO APLIC AUT MAIS 1,16",1.16,"May 4, 2023",entrada,rendimento,0,1.16,
"PAY -POWER POINT-03/05 -5,00",-5,"May 3, 2023",saída,lanche,-5,0,
"PIX TRANSF Rafael 29/04 -180,00",-180,"May 2, 2023",saída,outros,-180,0,
"RSHOP-PADARIA DO -30/04 -16,00",-16,"May 2, 2023",saída,supermercado,-16,0,
"PAY -PAG*BarDoNe-30/04 -20,00",-20,"May 2, 2023",saída,supermercado,-20,0,
"PAY -MARIA APARE-29/04 -8,00",-8,"May 2, 2023",saída,outros,-8,0,
"RSHOP-SUPERMERCAD-30/04 -105,39",-105.39,"May 2, 2023",saída,supermercado,-105.39,0,
"RSHOP-ELDORADO DI-01/05 -15,00",-15,"May 2, 2023",saída,supermercado,-15,0,
"RSHOP-SUPERMERCAD-01/05 -31,63",-31.63,"May 2, 2023",saída,supermercado,-31.63,0,
"REND PAGO APLIC AUT MAIS 5,39",5.39,"May 2, 2023",entrada,rendimento,0,5.39,
"INT SIMPLES NACIONA 0708 -79,82",-79.82,"April 28, 2023",saída,outros,-79.82,0,
"PAY -POWER POINT-28/04 -8,00",-8,"April 28, 2023",saída,lanche,-8,0,
"INT SIMPLES NACIONA 0708 -85,64",-85.64,"April 28, 2023",saída,outros,-85.64,0,
"RSHOP-SUPERMERCAD-28/04 -65,14",-65.14,"April 28, 2023",saída,supermercado,-65.14,0,
"INT SIMPLES NACIONA 0708 -70,10",-70.1,"April 28, 2023",saída,outros,-70.1,0,
"PAY -FLYPS LANCH-28/04 -25,00",-25,"April 28, 2023",saída,lanche,-25,0,
"INT SIMPLES NACIONA 0708 -71,25",-71.25,"April 28, 2023",saída,outros,-71.25,0,
"REND PAGO APLIC AUT APR 5,75",5.75,"April 28, 2023",rendimento,rendimento,0,5.75,
"RSHOP-EDILCE DAS -27/04 -28,60",-28.6,"April 27, 2023",saída,supermercado,-28.6,0,
"REND PAGO APLIC AUT MAIS 0,41",0.41,"April 27, 2023",rendimento,rendimento,0,0.41,
"RSHOP-SUPERMERCAD-26/04 -22,78",-22.78,"April 26, 2023",saída,supermercado,-22.78,0,
"REND PAGO APLIC AUT MAIS 0,32",0.32,"April 26, 2023",rendimento,rendimento,0,0.32,
"RSHOP-PAG*Aucieli-25/04 -23,40",-23.4,"April 25, 2023",saída,supermercado,-23.4,0,
"PAY -POWER POINT-25/04 -8,00",-8,"April 25, 2023",saída,lanche,-8,0,
"RSHOP-EDILCE DAS -25/04 -28,75",-28.75,"April 25, 2023",saída,supermercado,-28.75,0,
"RSHOP-SUPERMERCAD-25/04 -21,93",-21.93,"April 25, 2023",saída,supermercado,-21.93,0,
"RSHOP-FEIRA DO MA-25/04 -25,85",-25.85,"April 25, 2023",saída,supermercado,-25.85,0,
"REND PAGO APLIC AUT MAIS 1,50",1.5,"April 25, 2023",rendimento,rendimento,0,1.5,
"PAY -DROGARIA DO-24/04 -4,90",-4.9,"April 24, 2023",saída,saúde,-4.9,0,
"PAY -PG *TON BAR-23/04 -49,00",-49,"April 24, 2023",saída,lazer,-49,0,
"RSHOP-PAG*Quero2I-22/04 -30,00",-30,"April 24, 2023",saída,lanche,-30,0,
"PAY -FABIANO ROB-21/04 -38,35",-38.35,"April 24, 2023",saída,lazer,-38.35,0,
"PAY -PAG*Padaria-23/04 -16,06",-16.06,"April 24, 2023",saída,lanche,-16.06,0,
"PAY -GABRIELA PA-22/04 -15,00",-15,"April 24, 2023",saída,lanche,-15,0,
"PIX TRANSF MARA AP23/04 -80,00",-80,"April 24, 2023",saída,outros,-80,0,
"PAY -RESTAURANTE-22/04 -28,00",-28,"April 24, 2023",saída,almoço,-28,0,
"PAY -RESTAURANTE-24/04 -17,00",-17,"April 24, 2023",saída,almoço,-17,0,
"PAY -PAG*FlypsLa-22/04 -25,00",-25,"April 24, 2023",saída,lanche,-25,0,
"TED 001.2807.FUNDO G D C 5.227,58",5227.58,"April 24, 2023",entrada,outros,0,5227.58,
"PIX TRANSF Mayara 20/04 -50,00",-50,"April 20, 2023",saída,outros,-50,0,
"PAY -REST EMGREN-20/04 -18,00",-18,"April 20, 2023",saída,almoço,-18,0,
"PAY -SUPERMERCAD-20/04 -98,52",-98.52,"April 20, 2023",saída,supermercado,-98.52,0,
"REND PAGO APLIC AUT MAIS 2,27",2.27,"April 20, 2023",rendimento,rendimento,0,2.27,
"RSHOP-RESTAURANTE-19/04 -36,00",-36,"April 19, 2023",saída,almoço,-36,0,
"PAY -FEIRA DO MA-19/04 -26,20",-26.2,"April 19, 2023",saída,supermercado,-26.2,0,
"REND PAGO APLIC AUT MAIS 0,84",0.84,"April 19, 2023",rendimento,rendimento,0,0.84,
"RSHOP-SUP LAGOA -18/04 -72,90",-72.9,"April 18, 2023",saída,supermercado,-72.9,0,
"RSHOP-SUPERMERCAD-18/04 -49,62",-49.62,"April 18, 2023",saída,supermercado,-49.62,0,
"REND PAGO APLIC AUT MAIS 1,64",1.64,"April 18, 2023",rendimento,rendimento,0,1.64,
"RSHOP-SUPERMERCAD-17/04 -67,52",-67.52,"April 17, 2023",saída,supermercado,-67.52,0,
"PAY -GABRIELA PA-16/04 -5,00",-5,"April 17, 2023",saída,lanche,-5,0,
"PIX TRANSF Eric Bo17/04 -300,00",-300,"April 17, 2023",saída,outros,-300,0,
"RSHOP-SUPERMERCAD-17/04 -17,73",-17.73,"April 17, 2023",saída,supermercado,-17.73,0,
"INT COPASA 0123219784111 -35,66",-35.66,"April 17, 2023",saída,contas,-35.66,0,
"PAY -GABRIELA PA-15/04 -15,00",-15,"April 17, 2023",saída,lanche,-15,0,
"PAY -PG *TON JAK-16/04 -22,00",-22,"April 17, 2023",saída,outros,-22,0,
"RSHOP-EDILCE DAS -15/04 -26,45",-26.45,"April 17, 2023",saída,supermercado,-26.45,0,
"PAY -DROGARIA DO-15/04 -5,00",-5,"April 17, 2023",saída,saúde,-5,0,
"PAY -GABRIELA PA-16/04 -15,00",-15,"April 17, 2023",saída,lanche,-15,0,
"RSHOP-EDILCE DAS -15/04 -138,60",-138.6,"April 17, 2023",saída,supermercado,-138.6,0,
"PAY -MP *LADEIRA-15/04 -17,00",-17,"April 17, 2023",saída,lanche,-17,0,
"INT PAG TIT BANCO 001 -100,65",-100.65,"April 17, 2023",saída,contas,-100.65,0,
"PAY -GABRIELA PA-16/04 -10,00",-10,"April 17, 2023",saída,lanche,-10,0,
"PAY -GABRIELA PA-15/04 -10,00",-10,"April 17, 2023",saída,lanche,-10,0,
"PIX TRANSF Pollyan17/04 -300,00",-300,"April 17, 2023",saída,educação,-300,0,
"PAY -GABRIELA PA-16/04 -8,00",-8,"April 17, 2023",saída,lanche,-8,0,
"PAY -POWER POINT-17/04 -8,00",-8,"April 17, 2023",saída,lanche,-8,0,
"REND PAGO APLIC AUT MAIS 14,63",14.63,"April 17, 2023",rendimento,rendimento,0,14.63,
"RSHOP-SUPERMERCAD-13/04 -52,47",-52.47,"April 13, 2023",saída,supermercado,-52.47,0,
"PAY -TABERNA DA -13/04 -44,40",-44.4,"April 13, 2023",saída,lanche,-44.4,0,
"REND PAGO APLIC AUT MAIS 1,27",1.27,"April 13, 2023",rendimento,rendimento,0,1.27,
"RSHOP-FEIRA DO MA-12/04 -23,50",-23.5,"April 12, 2023",saída,supermercado,-23.5,0,
"REND PAGO APLIC AUT MAIS 0,31",0.31,"April 12, 2023",rendimento,rendimento,0,0.31,
"PAY -POWER POINT-11/04 -270,00",-270,"April 11, 2023",saída,saúde,-270,0,
"RSHOP-EDILCE DAS -11/04 -47,74",-47.74,"April 11, 2023",saída,supermercado,-47.74,0,
"REND PAGO APLIC AUT MAIS 4,07",4.07,"April 11, 2023",rendimento,rendimento,0,4.07,
"PAY -TABERNA DA -09/04 -16,00",-16,"April 10, 2023",saída,lazer,-16,0,
"RSHOP-FEIRA DO MA-07/04 -48,40",-48.4,"April 10, 2023",saída,supermercado,-48.4,0,
"PAY -POWER POINT-10/04 -2,50",-2.5,"April 10, 2023",saída,lanche,-2.5,0,
"PAY -MP *COZINHA-07/04 -36,00",-36,"April 10, 2023",saída,almoço,-36,0,
"PAY -TABERNA DA -09/04 -5,00",-5,"April 10, 2023",saída,lazer,-5,0,
"RSHOP-SUPERMERCAD-08/04 -45,45",-45.45,"April 10, 2023",saída,supermercado,-45.45,0,
"PAY -PG *TON BAR-08/04 -37,00",-37,"April 10, 2023",saída,lazer,-37,0,
"PAY -PAG*Padaria-08/04 -6,30",-6.3,"April 10, 2023",saída,lanche,-6.3,0,
"PAY -PG *TON HAR-10/04 -49,40",-49.4,"April 10, 2023",saída,lazer,-49.4,0,
"RSHOP-RESTAURANTE-08/04 -31,00",-31,"April 10, 2023",saída,almoço,-31,0,
"PAY -PG *TON BAR-08/04 -9,00",-9,"April 10, 2023",saída,lazer,-9,0,
"PAY -TABERNA DA -09/04 -15,00",-15,"April 10, 2023",saída,lazer,-15,0,
"PAY -TABERNA DA -09/04 -59,90",-59.9,"April 10, 2023",saída,lazer,-59.9,0,
"PIX TRANSF Taissa 09/04 -40,00",-40,"April 10, 2023",saída,lazer,-40,0,
"REND PAGO APLIC AUT MAIS 5,09",5.09,"April 10, 2023",rendimento,rendimento,0,5.09,
"PAY -O REAL ROCA-06/04 -6,15",-6.15,"April 6, 2023",saída,lanche,-6.15,0,
"RSHOP-EDILCE DAS -06/04 -187,79",-187.79,"April 6, 2023",saída,supermercado,-187.79,0,
"REND PAGO APLIC AUT MAIS 2,44",2.44,"April 6, 2023",rendimento,rendimento,0,2.44,
"PAY -PAG*Daespet-05/04 -15,00",-15,"April 5, 2023",saída,lanche,-15,0,
"PAY -POWER POINT-05/04 -98,00",-98,"April 5, 2023",saída,saúde,-98,0,
"REND PAGO APLIC AUT MAIS 1,41",1.41,"April 5, 2023",rendimento,rendimento,0,1.41,
"INT CLARO S.A 013000000 -178,53",-178.53,"April 4, 2023",saída,contas,-178.53,0,
"RSHOP-EDILCE DAS -04/04 -92,50",-92.5,"April 4, 2023",saída,supermercado,-92.5,0,
"INT CLARO S.A 013000000 -180,23",-180.23,"April 4, 2023",saída,contas,-180.23,0,
"REND PAGO APLIC AUT MAIS 5,57",5.57,"April 4, 2023",rendimento,rendimento,0,5.57,
"PAY -GERALDO RES-01/04 -12,50",-12.5,"April 3, 2023",saída,lazer,-12.5,0,
"PAY -REST PIZZAR-02/04 -37,00",-37,"April 3, 2023",saída,lanche,-37,0,
"PAY -VALERIA BUZ-02/04 -12,00",-12,"April 3, 2023",saída,lanche,-12,0,
"PIX TRANSF NELSON 02/04 -12,00",-12,"April 3, 2023",saída,lazer,-12,0,
"PAY -SUPERMERCAD-03/04 -11,95",-11.95,"April 3, 2023",saída,supermercado,-11.95,0,
"PAY -MP *LADEIRA-01/04 -30,90",-30.9,"April 3, 2023",saída,lazer,-30.9,0,
"REND PAGO APLIC AUT MAIS 1,42",1.42,"April 3, 2023",rendimento,rendimento,0,1.42,
"RSHOP-FEIRA DO MA-31/03 -24,15",-24.15,"March 31, 2023",saída,,-24.15,0,
"RSHOP-SUPERMERCAD-31/03 -10,89",-10.89,"March 31, 2023",saída,,-10.89,0,
"PAY -TABERNA DA -31/03 -47,00",-47,"March 31, 2023",saída,,-47,0,
"REND PAGO APLIC AUT APR 1,00",1,"March 31, 2023",entrada,,0,1,
"RSHOP-SUPERMERCAD-30/03 -25,69",-25.69,"March 30, 2023",saída,,-25.69,0,
"PAY -PAG*Daespet-30/03 -8,00",-8,"March 30, 2023",saída,,-8,0,
"RSHOP-BAR DO CIZI-30/03 -12,00",-12,"March 30, 2023",saída,,-12,0,
"PAY -PAG*Daespet-30/03 -7,00",-7,"March 30, 2023",saída,,-7,0,
"REND PAGO APLIC AUT MAIS 0,63",0.63,"March 30, 2023",entrada,,0,0.63,
"RSHOP-SUPERMERCAD-29/03 -113,50",-113.5,"March 29, 2023",saída,,-113.5,0,
"PAY -ELDORADO DI-29/03 -20,00",-20,"March 29, 2023",saída,,-20,0,
"PAY -DROGARIA DO-29/03 -18,90",-18.9,"March 29, 2023",saída,,-18.9,0,
"REND PAGO APLIC AUT MAIS 1,81",1.81,"March 29, 2023",entrada,,0,1.81,
"PAY -SUPERMERCAD-28/03 -6,11",-6.11,"March 28, 2023",saída,,-6.11,0,
"PAY -REST EMGREN-28/03 -17,00",-17,"March 28, 2023",saída,,-17,0,
"PIX TRANSF CHRISTI28/03 -400,00",-400,"March 28, 2023",saída,,-400,0,
"PAY -VALERIA BUZ-28/03 -4,00",-4,"March 28, 2023",saída,,-4,0,
"REND PAGO APLIC AUT MAIS 5,03",5.03,"March 28, 2023",entrada,,0,5.03,
"RSHOP-SUPERMERCAD-25/03 -180,88",-180.88,"March 27, 2023",saída,,-180.88,0,
"PAY -PAG*Familia-25/03 -60,00",-60,"March 27, 2023",saída,,-60,0,
"PAY -SANDUICHERI-25/03 -11,00",-11,"March 27, 2023",saída,,-11,0,
"RSHOP-BAR DO CIZI-26/03 -32,00",-32,"March 27, 2023",saída,,-32,0,
"RSHOP-EDILCE DAS -26/03 -73,59",-73.59,"March 27, 2023",saída,,-73.59,0,
"PAY -SANDUICHERI-25/03 -37,00",-37,"March 27, 2023",saída,,-37,0,
"PAY -CAFEXO -25/03 -20,50",-20.5,"March 27, 2023",saída,,-20.5,0,
"RSHOP-SUPERMERCAD-27/03 -126,77",-126.77,"March 27, 2023",saída,,-126.77,0,
"PAY -HONGFA SU -25/03 -8,00",-8,"March 27, 2023",saída,,-8,0,
"RSHOP-POSTO LAGOA-25/03 -40,00",-40,"March 27, 2023",saída,,-40,0,
"TED 422.0115.SANTILLANA 252,00",252,"March 27, 2023",entrada,,0,252,
"TED 422.0115.SANTILLANA 3.109,46",3109.46,"March 27, 2023",entrada,,0,3109.46,
"PAY -ELDORADO DI-24/03 -30,00",-30,"March 24, 2023",saída,,-30,0,
"PAY -PAG*Daespet-24/03 -22,00",-22,"March 24, 2023",saída,,-22,0,
"REND PAGO APLIC AUT MAIS 0,61",0.61,"March 24, 2023",entrada,,0,0.61,
"INT PAG TIT BANCO 001 -102,63",-102.63,"March 23, 2023",saída,,-102.63,0,
"PIX TRANSF Pollyan23/03 -375,00",-375,"March 23, 2023",saída,,-375,0,
"PAY -PAG*Daespet-23/03 -8,00",-8,"March 23, 2023",saída,,-8,0,
"PIX QRS CEMIG DISTR23/03 -144,04",-144.04,"March 23, 2023",saída,,-144.04,0,
"INT COPASA 0123151906012 -29,05",-29.05,"March 23, 2023",saída,,-29.05,0,
"RSHOP-SUPERMERCAD-23/03 -86,28",-86.28,"March 23, 2023",saída,,-86.28,0,
"REND PAGO APLIC AUT MAIS 8,58",8.58,"March 23, 2023",entrada,,0,8.58,
"PAY -PAG*Jaqueli-22/03 -12,00",-12,"March 22, 2023",saída,,-12,0,
"PIX TRANSF Carlos 22/03 -1.170,00",-1170,"March 22, 2023",saída,,-1170,0,
"REND PAGO APLIC AUT MAIS 13,48",13.48,"March 22, 2023",entrada,,0,13.48,
"RSHOP-EDILCE DAS -21/03 -35,40",-35.4,"March 21, 2023",saída,,-35.4,0,
"RSHOP-SUPERMERCAD-21/03 -87,21",-87.21,"March 21, 2023",saída,,-87.21,0,
"REND PAGO APLIC AUT MAIS 1,38",1.38,"March 21, 2023",entrada,,0,1.38,
"RSHOP-EDILCE DAS -20/03 -30,28",-30.28,"March 20, 2023",saída,,-30.28,0,
"PAY -RESTAURANTE-19/03 -32,00",-32,"March 20, 2023",saída,,-32,0,
"PAY -O REAL ROCA-18/03 -11,50",-11.5,"March 20, 2023",saída,,-11.5,0,
"PAY -MP *LADEIRA-19/03 -12,00",-12,"March 20, 2023",saída,,-12,0,
"RSHOP-EDILCE DAS -18/03 -44,58",-44.58,"March 20, 2023",saída,,-44.58,0,
"REND PAGO APLIC AUT MAIS 1,45",1.45,"March 20, 2023",entrada,,0,1.45,
"PIX TRANSF DIVANIL17/03 -31,21",-31.21,"March 17, 2023",saída,,-31.21,0,
"RSHOP-EDILCE DAS -17/03 -45,35",-45.35,"March 17, 2023",saída,,-45.35,0,
"REND PAGO APLIC AUT MAIS 0,85",0.85,"March 17, 2023",entrada,,0,0.85,
"RSHOP-PAG*PauloAn-16/03 -14,50",-14.5,"March 16, 2023",saída,,-14.5,0,
"PAY -POWER POINT-16/03 -130,00",-130,"March 16, 2023",saída,,-130,0,
"REND PAGO APLIC AUT MAIS 1,58",1.58,"March 16, 2023",entrada,,0,1.58,
"PAY -SABOR DA EM-14/03 -4,00",-4,"March 14, 2023",saída,,-4,0,
"RSHOP-SUPERMERCAD-14/03 -102,50",-102.5,"March 14, 2023",saída,,-102.5,0,
"REND PAGO APLIC AUT MAIS 1,14",1.14,"March 14, 2023",entrada,,0,1.14,
"RSHOP-ELDORADO DI-11/03 -64,00",-64,"March 13, 2023",saída,,-64,0,
"RSHOP-EDILCE DAS -11/03 -25,20",-25.2,"March 13, 2023",saída,,-25.2,0,
"PAY -DROGARIA DO-13/03 -9,90",-9.9,"March 13, 2023",saída,,-9.9,0,
"RSHOP-SUPERMERCAD-13/03 -34,83",-34.83,"March 13, 2023",saída,,-34.83,0,
"RSHOP-EDILCE DAS -12/03 -53,45",-53.45,"March 13, 2023",saída,,-53.45,0,
"PAY -GABRIELA PA-11/03 -24,00",-24,"March 13, 2023",saída,,-24,0,
"PAY -REST EMGREN-12/03 -35,00",-35,"March 13, 2023",saída,,-35,0,
"REND PAGO APLIC AUT MAIS 2,61",2.61,"March 13, 2023",entrada,,0,2.61,
"PAY -PAG*Daespet-10/03 -15,00",-15,"March 10, 2023",saída,,-15,0,
"RSHOP-SUPERMERCAD-10/03 -39,20",-39.2,"March 10, 2023",saída,,-39.2,0,
"REND PAGO APLIC AUT MAIS 0,57",0.57,"March 10, 2023",entrada,,0,0.57,
"PAY -O REAL ROCA-07/03 -20,00",-20,"March 7, 2023",saída,,-20,0,
"PAY -POWER POINT-07/03 -180,00",-180,"March 7, 2023",saída,,-180,0,
"RSHOP-SUPERMERCAD-07/03 -160,03",-160.03,"March 7, 2023",saída,,-160.03,0,
"REND PAGO APLIC AUT MAIS 3,65",3.65,"March 7, 2023",entrada,,0,3.65,
"RSHOP-SUPERMERCAD-06/03 -23,25",-23.25,"March 6, 2023",saída,,-23.25,0,
"RSHOP-PAG*Masende-06/03 -6,00",-6,"March 6, 2023",saída,,-6,0,
"REND PAGO APLIC AUT MAIS 0,29",0.29,"March 6, 2023",entrada,,0,0.29,
"RSHOP-SUPERMERCAD-02/03 -73,58",-73.58,"March 2, 2023",saída,,-73.58,0,
"REND PAGO APLIC AUT MAIS 0,72",0.72,"March 2, 2023",entrada,,0,0.72,
"RSHOP-EDILCE DAS -01/03 -50,55",-50.55,"March 1, 2023",saída,,-50.55,0,
"PAY -PAG*BarDoNe-01/03 -34,25",-34.25,"March 1, 2023",saída,,-34.25,0,
"PAY -PAG*BarDoNe-01/03 -34,00",-34,"March 1, 2023",saída,,-34,0,
"REND PAGO APLIC AUT MAIS 1,20",1.2,"March 1, 2023",entrada,,0,1.2,
PAY -PAG*Masende-28/02,-5.5,"February 28, 2023",saída,,-5.5,0,
RSHOP-EDILCE DAS -26/02,-50.65,"February 27, 2023",saída,,-50.65,0,
PAY -O REAL ROCA-25/02,-11.6,"February 27, 2023",saída,,-11.6,0,
RSHOP-SUPERMERCAD-27/02,-136.11,"February 27, 2023",saída,,-136.11,0,
RSHOP-SUPERMERCAD-27/02,-25.93,"February 27, 2023",saída,,-25.93,0,
27/02/2023 TED 422.0115SANTILLANA E,672,"February 27, 2023",entrada,,0,672,
PAY -RESTAURANTE-24/02,-18,"February 24, 2023",saída,,-18,0,
24/02/2023 REND PAGO APLIC AUT MAIS,0.11,"February 24, 2023",rendimento,,0,0.11,
PAY -SUPERMERCAD-23/02,-64.62,"February 23, 2023",saída,,-64.62,0,
PAY -RESTAURANTE-23/02,-20,"February 23, 2023",saída,,-20,0,
23/02/2023 REND PAGO APLIC AUT MAIS,0.51,"February 23, 2023",rendimento,,0,0.51,
PAY -PAG*Mercado-20/02,-16,"February 22, 2023",saída,,-16,0,
PAY -GERALDO RES-18/02,-18,"February 22, 2023",saída,,-18,0,
PAY -REST EMGREN-21/02,-20,"February 22, 2023",saída,,-20,0,
PAY -DROGARIA DO-20/02,-15.8,"February 22, 2023",saída,,-15.8,0,
INT CEMIG DISTRIBUICA 00,-133.12,"February 22, 2023",saída,,-133.12,0,
PIX TRANSF MARLEID18/02,-26,"February 22, 2023",saída,,-26,0,
PAY -RESTAURANTE-20/02,-17,"February 22, 2023",saída,,-17,0,
PAY -REST EMGREN-22/02,-17,"February 22, 2023",saída,,-17,0,
PAY -PAG*Padaria-19/02,-5.92,"February 22, 2023",saída,,-5.92,0,
PAY -PAG*Padaria-19/02,-11.45,"February 22, 2023",saída,,-11.45,0,
PAY -SABOR DA EM-18/02,-16,"February 22, 2023",saída,,-16,0,
PAY -SUPERMERCAD-20/02,-106.33,"February 22, 2023",saída,,-106.33,0,
INT PAG TIT BANCO 001,-102.3,"February 22, 2023",saída,,-102.3,0,
RSHOP-EDILCE DAS -18/02,-155,"February 22, 2023",saída,,-155,0,
INT COPASA 0123081538249,-44.65,"February 22, 2023",saída,,-44.65,0,
INT CEMIG DISTRIBUICA 01,-132.72,"February 22, 2023",saída,,-132.72,0,
22/02/2023 REND PAGO APLIC AUT MAIS,4.22,"February 22, 2023",rendimento,,0,4.22,
PAY -MP *LADEIRA-17/02,-17,"February 17, 2023",saída,,-17,0,
PAY -O REAL ROCA-17/02,-9.9,"February 17, 2023",saída,,-9.9,0,
PAY -PAG*BarRil -17/02,-4,"February 17, 2023",saída,,-4,0,
PAY -PAG*BarRil -17/02,-12.8,"February 17, 2023",saída,,-12.8,0,
RSHOP-SUPERMERCAD-17/02,-19.52,"February 17, 2023",saída,,-19.52,0,
17/02/2023 REND PAGO APLIC AUT MAIS,0.38,"February 17, 2023",rendimento,,0,0.38,
PIX TRANSF Pollyan16/02,-300,"February 16, 2023",saída,,-300,0,
PAY -RESTAURANTE-16/02,-18,"February 16, 2023",saída,,-18,0,
RSHOP-POSTO LAGOA-16/02,-108,"February 16, 2023",saída,,-108,0,
PAY -PAG*LaraAnd-16/02,-36,"February 16, 2023",saída,,-36,0,
RSHOP-SUPERMERCAD-16/02,-43.07,"February 16, 2023",saída,,-43.07,0,
16/02/2023 REND PAGO APLIC AUT MAIS,5.37,"February 16, 2023",rendimento,,0,5.37,
RSHOP-EDILCE DAS -15/02,-55,"February 15, 2023",saída,,-55,0,
RSHOP-FEIRA DO MA-15/02,-9.2,"February 15, 2023",saída,,-9.2,0,
15/02/2023 REND PAGO APLIC AUT MAIS,0.71,"February 15, 2023",rendimento,,0,0.71,
PAY -O REAL ROCA-14/02,-1.5,"February 14, 2023",saída,,-1.5,0,
RSHOP-EDILCE DAS -14/02,-37,"February 14, 2023",saída,,-37,0,
14/02/2023 REND PAGO APLIC AUT MAIS,0.42,"February 14, 2023",rendimento,,0,0.42,
PAY -GERALDO RES-11/02,-77.7,"February 13, 2023",saída,,-77.7,0,
PAY -SUPERMERCAD-11/02,-153.4,"February 13, 2023",saída,,-153.4,0,
RSHOP-PAG*PauloAn-11/02,-32,"February 13, 2023",saída,,-32,0,
PAY -VALERIA BUZ-12/02,-12,"February 13, 2023",saída,,-12,0,
RSHOP-EDILCE DAS -13/02,-78.74,"February 13, 2023",saída,,-78.74,0,
RSHOP-SUPERMERCAD-11/02,-4.85,"February 13, 2023",saída,,-4.85,0,
13/02/2023 REND PAGO APLIC AUT MAIS,3.88,"February 13, 2023",rendimento,,0,3.88,
PIX QRS CLARO10/02,-177.59,"February 10, 2023",saída,,-177.59,0,
PIX QRS CLARO10/02,-173.06,"February 10, 2023",saída,,-173.06,0,
PAY -PAG*PauloHe-10/02,-10,"February 10, 2023",saída,,-10,0,
PAY -POWER POINT-10/02,-16,"February 10, 2023",saída,,-16,0,
10/02/2023 REND PAGO APLIC AUT MAIS,4.03,"February 10, 2023",rendimento,,0,4.03,
RSHOP-SUPERMERCAD-09/02,-45.01,"February 9, 2023",saída,,-45.01,0,
PAY -FABIANO ROB-09/02,-84,"February 9, 2023",saída,,-84,0,
09/02/2023 REND PAGO APLIC AUT MAIS,1.45,"February 9, 2023",rendimento,,0,1.45,
PAY -DROGARIA DO-07/02,-6.4,"February 7, 2023",saída,,-6.4,0,
RSHOP-SUPERMERCAD-06/02,-46.16,"February 6, 2023",saída,,-46.16,0,
PAY -GERALDO RES-04/02,-34.2,"February 6, 2023",saída,,-34.2,0,
PIX QRS ELESSANDRA 06/02,-310,"February 6, 2023",saída,,-310,0,
RSHOP-EDILCE DAS -05/02,-47.8,"February 6, 2023",saída,,-47.8,0,
PAY -MP *LADEIRA-04/02,-28,"February 6, 2023",saída,,-28,0,
PAY -VALERIA BUZ-06/02,-12,"February 6, 2023",saída,,-12,0,
06/02/2023 REND PAGO APLIC AUT MAIS,4.89,"February 6, 2023",rendimento,,0,4.89,
INT TED D fc93e6cd,-7000,"February 3, 2023",investimento,,0,0,
RSHOP-EDILCE DAS -03/02,-167,"February 3, 2023",saída,,-167,0,
RSHOP-ELDORADO DI-03/02,-36,"February 3, 2023",saída,,-36,0,
03/02/2023 REND PAGO APLIC AUT MAIS,80.47,"February 3, 2023",rendimento,,0,80.47,
PIX QRS Alipay/AliE02/02,-165,"February 2, 2023",saída,,-165,0,
PIX QRS Alipay/AliE02/02,-21.43,"February 2, 2023",saída,,-21.43,0,
PIX QRS Alipay/AliE02/02,-12,"February 2, 2023",saída,,-12,0,
REND PAGO APLIC AUT MAIS,0.74,"February 2, 2023",rendimento,,0,0.74,
PIX QRS JACQUELINE 01/02,-10,"February 1, 2023",saída,,-10,0,
RSHOP-SUPERMERCAD-31/01,-83.61,"January 31, 2023",saída,supermercado,-83.61,0,
PIX TRANSF MARA AP31/01,-600,"January 31, 2023",saída,,-600,0,
RSHOP-EDILCE DAS -31/01,-29,"January 31, 2023",saída,lanche,-29,0,
PAY -PAG*Daespet-31/01,-20,"January 31, 2023",saída,lanche,-20,0,
PAY -PAG*Jaqueli-29/01,-27,"January 30, 2023",saída,,-27,0,
RSHOP-EDILCE DAS -28/01,-55.95,"January 30, 2023",saída,supermercado,-55.95,0,
RSHOP-EDILCE DAS -30/01,-9.65,"January 30, 2023",saída,supermercado,-9.65,0,
RSHOP-MERCADO NOS-29/01,-28,"January 30, 2023",saída,supermercado,-28,0,
PAY -ELDORADO DI-28/01,-14,"January 30, 2023",saída,supermercado,-14,0,
REND PAGO APLIC AUT APR,1.62,"January 30, 2023",rendimento,,0,1.62,
PAY -REST EMGREN-27/01,-18,"January 27, 2023",saída,supermercado,-18,0,
RSHOP-EDILCE DAS -27/01,-15.68,"January 27, 2023",saída,supermercado,-15.68,0,
REND PAGO APLIC AUT MAIS,4,"January 27, 2023",rendimento,,0,4,
PAY -REST EMGREN-26/01,-18,"January 26, 2023",saída,supermercado,-18,0,
SISPAG SANTILLANA EDUC,672,"January 26, 2023",entrada,,0,672,
PIX TRANSF CHRISTI24/01,-800,"January 24, 2023",saída,,-800,0,
REND PAGO APLIC AUT MAIS,9.22,"January 24, 2023",rendimento,,0,9.22,
RSHOP-SUPERMERCAD-22/01,-88.46,"January 23, 2023",saída,supermercado,-88.46,0,
PAY -FABIANO ROB-22/01,-85.84,"January 23, 2023",saída,,-85.84,0,
PAY -O REAL ROCA-21/01,-5,"January 23, 2023",saída,,-5,0,
PAY -MP *LADEIRA-22/01,-157,"January 23, 2023",saída,,-157,0,
RSHOP-SUPERMERCAD-23/01,-256.77,"January 23, 2023",saída,supermercado,-256.77,0,
REND PAGO APLIC AUT MAIS,5.15,"January 23, 2023",rendimento,,0,5.15,
PAY -ELDORADO DI-20/01,-24.75,"January 20, 2023",saída,supermercado,-24.75,0,
PAY -SABOR DA EM-20/01,-12,"January 20, 2023",saída,lanche,-12,0,
RSHOP-SUPERMERCAD-20/01,-49.89,"January 20, 2023",saída,supermercado,-49.89,0,
RSHOP-EDILCE DAS -20/01,-204,"January 20, 2023",saída,supermercado,-204,0,
REND PAGO APLIC AUT MAIS,12,"January 20, 2023",rendimento,,0,12,
PIX TRANSF Pollyan19/01,-300,"January 19, 2023",saída,,-300,0,
RSHOP-FEIRA DO MA-19/01,-20.95,"January 19, 2023",saída,supermercado,-20.95,0,
REND PAGO APLIC AUT MAIS,1.55,"January 19, 2023",rendimento,,0,1.55,
DEV PIX Alipay/AliE19/01,182.53,"January 19, 2023",entrada,,0,182.53,
RSHOP-SUPERMERCAD-18/01,-39.52,"January 18, 2023",saída,supermercado,-39.52,0,
RSHOP-SUPERMERCAD-18/01,-54.64,"January 18, 2023",saída,supermercado,-54.64,0,
REND PAGO APLIC AUT MAIS,1.04,"January 18, 2023",rendimento,,0,1.04,
PIX QRS Alipay/AliE17/01,-159.06,"January 17, 2023",saída,,-159.06,0,
PIX TRANSF Weverto17/01,-20,"January 17, 2023",saída,,-20,0,
PAY -PAG*Daespet-17/01,-14,"January 17, 2023",saída,supermercado,-14,0,
REND PAGO APLIC AUT MAIS,2.11,"January 17, 2023",rendimento,,0,2.11,
PAY -PG *TON BLA-15/01,-45,"January 16, 2023",saída,,-45,0,
PAY -SUPERMERCAD-14/01,-190.17,"January 16, 2023",saída,supermercado,-190.17,0,
PAY -RESTAURANTE-14/01,-26,"January 16, 2023",saída,almoço,-26,0,
REND PAGO APLIC AUT MAIS,2.82,"January 16, 2023",rendimento,,0,2.82,
PAY -PG *TON BAR-13/01,-30,"January 13, 2023",saída,,-30,0,
PAY -REST EMGREN-13/01,-18,"January 13, 2023",saída,almoço,-18,0,
PIX QRS SECRETARIA 13/01  -DAS,-78.46,"January 13, 2023",saída,,-78.46,0,
PIX QRS SECRETARIA 13/01  -DAS,-81.45,"January 13, 2023",saída,,-81.45,0,
PIX QRS SECRETARIA 13/01  -DAS,-80.78,"January 13, 2023",saída,,-80.78,0,
PIX QRS SECRETARIA 13/01  -DAS,-65.6,"January 13, 2023",saída,,-65.6,0,
PIX QRS SECRETARIA 13/01  -DAS,-71.46,"January 13, 2023",saída,,-71.46,0,
REND PAGO APLIC AUT MAIS,4.55,"January 13, 2023",rendimento,,0,4.55,
RSHOP-SUPERMERCAD-12/01,-102.69,"January 12, 2023",saída,supermercado,-102.69,0,
PIX TRANSF Mariana12/01,-30.03,"January 12, 2023",saída,,-30.03,0,
PIX TRANSF JACKFRU12/01,1920,"January 12, 2023",entrada,,0,1920,
INT PAG TIT BANCO 001,-99,"January 11, 2023",saída,,-99,0,
INT COPASA 0123013000841,-39.89,"January 11, 2023",saída,,-39.89,0,
INT CEMIG DISTRIBUICA 00,-118.7,"January 11, 2023",saída,,-118.7,0,
REND PAGO APLIC AUT MAIS,2.69,"January 11, 2023",rendimento,,0,2.69,
PIX QRS Alipay/AliE10/01,-182.53,"January 10, 2023",saída,,-182.53,0,
RSHOP-ELDORADO DI-10/01,-48.55,"January 10, 2023",saída,supermercado,-48.55,0,
PAY -POWER POINT-10/01,-130,"January 10, 2023",saída,,-130,0,
RSHOP-ELDORADO DI-10/01,-13.45,"January 10, 2023",saída,supermercado,-13.45,0,
RSHOP-EDILCE DAS -10/01,-177,"January 10, 2023",saída,supermercado,-177,0,
REND PAGO APLIC AUT MAIS,4.06,"January 10, 2023",rendimento,,0,4.06,
PIX QRS ELESSANDRA 07/01,-90,"January 9, 2023",saída,,-90,0,
RSHOP-FEIRA DO MA-07/01,-57,"January 9, 2023",saída,supermercado,-57,0,
PAY -PAG*Padaria-08/01,-19.33,"January 9, 2023",saída,supermercado,-19.33,0,
RSHOP-EDILCE DAS -07/01,-49.15,"January 9, 2023",saída,supermercado,-49.15,0,
REND PAGO APLIC AUT MAIS,1.68,"January 9, 2023",rendimento,,0,1.68,
RSHOP-SUPERMERCAD-05/01,-188.69,"January 5, 2023",saída,supermercado,-188.69,0,
RSHOP-SUPERMERCAD-05/01,-102.3,"January 5, 2023",saída,supermercado,-102.3,0,
REND PAGO APLIC AUT MAIS,3,"January 5, 2023",rendimento,,0,3,
PAY -O REAL ROCA-04/01,-9.27,"January 4, 2023",saída,,-9.27,0,
RSHOP-SUPERMERCAD-03/01,-36.52,"January 3, 2023",saída,supermercado,-36.52,0,
REND PAGO APLIC AUT MAIS,0.36,"January 3, 2023",rendimento,,0,0.36,
PAY -FABIANO ROB-01/01,-10,"January 2, 2023",saída,,-10,0,
PAY -FABIANO ROB-01/01,-10,"January 2, 2023",saída,,-10,0,
PAY -PAG*Daespet-01/01,-24,"January 2, 2023",saída,supermercado,-24,0,
RSHOP-REST EMGREN-31/12,-30,"January 2, 2023",saída,almoço,-30,0,
RSHOP-REST EMGREN-02/01,-28,"January 2, 2023",saída,almoço,-28,0,
REND PAGO APLIC AUT MAIS,0.98,"January 2, 2023",rendimento,,0,0.98,